final_pos_error,is_crash,total_reward,jitter_norm,start_yaw_rad,truncation_reason,disturbance_fired,disturbance_type,disturbance_level,disturbance_magnitude,recovered,recovery_time_steps,wind_steady_state_error_mean,peak_tilt_rad,peak_tilt_deg,disturbance_type_forced,disturbance_level_forced,episode_in_bucket
0.031971778720617294,False,-8.255860392972831,0.1756538828360192,-0.1449394008453502,timeout,True,kick,1,0.42107093717735455,True,0.0,,0.2056654691696167,11.783763374996989,kick,1,0
0.028436079621315002,False,-20.39946028568316,0.3950858097752743,-0.24530006238904797,timeout,True,kick,1,0.3822502078349957,True,0.0,,0.44694116711616516,25.607842566407477,kick,1,1
0.017441971227526665,False,-18.97376752025913,0.4165172024643316,0.14532280790629593,timeout,True,kick,1,0.3999369620443646,True,0.0,,0.31559130549430847,18.082049855847703,kick,1,2
0.020837144926190376,False,-12.8719997717999,0.23238968212664385,-0.11041776930923183,timeout,True,kick,1,0.3525999452191442,True,0.0,,0.32858210802078247,18.826368013102552,kick,1,3
0.03667135164141655,False,-7.221226959277415,0.1406538677362322,-0.21365071068740668,timeout,True,kick,1,0.3829967344424711,True,0.0,,0.1975846290588379,11.320765341729334,kick,1,4
0.03479590266942978,False,-16.098329635141408,0.33778278756863,-0.22972066872834665,timeout,True,kick,1,0.4861369436785017,True,0.0,,0.30636200308799744,17.553249780116147,kick,1,5
0.014071330428123474,False,-12.631065983572045,0.2943241690019824,-0.2351687680760041,timeout,True,kick,1,0.4050386172528233,True,0.0,,0.2787492871284485,15.97115769474046,kick,1,6
0.017008760944008827,False,-12.96759674342349,0.27005059361933986,-0.2605599708574748,timeout,True,kick,1,0.31971961532682047,True,0.0,,0.3603898584842682,20.64881787046557,kick,1,7
0.0037538097240030766,False,-14.709931172188377,0.3438433109332942,-0.22056364679665602,timeout,True,kick,1,0.3695184346918085,True,0.0,,0.23963920772075653,13.730315208258201,kick,1,8
0.03464682027697563,False,-15.699177635880178,0.31622942037549273,-0.0048165446379982435,timeout,True,kick,1,0.4646149799437156,True,0.0,,0.22392712533473969,12.830079200177595,kick,1,9
0.03170337900519371,False,-12.210104853063816,0.2649475772734542,0.03287066886753659,timeout,True,kick,1,0.3561084892685418,True,0.0,,0.23572474718093872,13.50603314025614,kick,1,10
0.025829723104834557,False,-14.974385981103394,0.2896113780456323,0.1120797657013835,timeout,True,kick,1,0.33099831169137667,True,0.0,,0.30389541387557983,17.41192462845212,kick,1,11
0.01757012866437435,False,-13.681740269446754,0.2548676551498171,0.26032311509632106,timeout,True,kick,1,0.41920983413662916,True,0.0,,0.25370484590530396,14.536216912390822,kick,1,12
0.019714990630745888,False,-17.68200634237378,0.41860481465739013,-0.22563875360368588,timeout,True,kick,1,0.4760754160017074,True,0.0,,0.36656033992767334,21.00236041473648,kick,1,13
0.024802803993225098,False,-10.45999159084633,0.20551131324584332,0.12275669503889619,timeout,True,kick,1,0.31393274479017924,True,0.0,,0.2498341202735901,14.314440670040508,kick,1,14
0.006159673910588026,False,-18.592074886457983,0.41353837347096,0.038977277346257,timeout,True,kick,1,0.3235917402749284,True,0.0,,0.3299999237060547,18.907602867996097,kick,1,15
0.026181666180491447,False,-14.526666665277434,0.30829835088905083,0.07215752527970754,timeout,True,kick,1,0.3344071362050383,True,0.0,,0.32128119468688965,18.408056492479705,kick,1,16
0.017520947381854057,False,-15.989094581147647,0.41644956478265954,-0.11726351267678164,timeout,True,kick,1,0.42693140322003653,True,0.0,,0.34410542249679565,19.715788416632442,kick,1,17
0.018404265865683556,False,-10.456594321019953,0.2294285886500271,-0.2449832874720769,timeout,True,kick,1,0.43886177681830074,True,0.0,,0.3548045754432678,20.328804724830256,kick,1,18
0.019858114421367645,False,-18.12956777323037,0.39978849033776465,-0.034069506981144915,timeout,True,kick,1,0.4167889075727539,True,0.0,,0.28331226110458374,16.232596845601037,kick,1,19
0.016994934529066086,False,-11.636884086802594,0.2635348854399095,0.25559681176573473,timeout,True,kick,1,0.4013007760897383,True,0.0,,0.2814866006374359,16.127994206009586,kick,1,20
0.022635363042354584,False,-13.796756032835688,0.28906667776043565,0.15830235519790853,timeout,True,kick,1,0.34375361851318054,True,0.0,,0.23104412853717804,13.237853446458404,kick,1,21
0.01562696322798729,False,-16.354955714512606,0.3813567395755843,-0.17333288122933926,timeout,True,kick,1,0.45606446102010545,True,0.0,,0.24392199516296387,13.975700853248311,kick,1,22
0.009440810419619083,False,-15.724523411849527,0.3912901918998407,-0.0188803846739449,timeout,True,kick,1,0.3598439970874398,True,0.0,,0.2265121191740036,12.978188437234737,kick,1,23
0.03287128731608391,False,-13.060245705773106,0.2379648258013882,0.2508668764799212,timeout,True,kick,1,0.4691779841977338,True,0.0,,0.2990072965621948,17.131856136630333,kick,1,24
0.025718847289681435,False,-11.614880663231009,0.2739849405154215,0.1581458023854051,timeout,True,kick,1,0.3894424041317299,True,0.0,,0.28584057092666626,16.37745832770784,kick,1,25
0.03677182272076607,False,-18.121781781762834,0.3997007742205341,0.14985131704543042,timeout,True,kick,1,0.41140370095855433,True,0.0,,0.31683915853500366,18.153546568532104,kick,1,26
0.024766329675912857,False,-14.669844336733211,0.3036865070027456,0.21352177102277853,timeout,True,kick,1,0.41002025185190816,True,0.0,,0.3201592266559601,18.34377245955884,kick,1,27
0.011630534194409847,False,-16.31677860463037,0.3892515606486941,-0.17741289064656066,timeout,True,kick,1,0.4527565857698285,True,0.0,,0.2794705927371979,16.012485461860916,kick,1,28
0.030449504032731056,False,-10.26217227914371,0.21220652153324032,-0.1299605663934032,timeout,True,kick,1,0.30956698955577405,True,0.0,,0.2889707684516907,16.556805434934034,kick,1,29
0.024569528177380562,False,-16.106962675051765,0.3228735499282355,0.2504485126609785,timeout,True,kick,1,0.40314807198415253,True,0.0,,0.2925358712673187,16.761070779799727,kick,1,30
0.019077202305197716,False,-12.011750355036924,0.2773711209846322,-0.011723110170461626,timeout,True,kick,1,0.3446765097175952,True,0.0,,0.2815536558628082,16.13183618741772,kick,1,31
0.022361047565937042,False,-13.514280246905974,0.29091323168422784,-0.22211944308829978,timeout,True,kick,1,0.3145886233335228,True,0.0,,0.33334827423095703,19.099449221403415,kick,1,32
0.038007114082574844,False,-13.391669306545527,0.3100614702292579,0.10279353354265724,timeout,True,kick,1,0.4379400536016572,True,0.0,,0.31745630502700806,18.18890645786526,kick,1,33
0.02623811364173889,False,-15.565478227641428,0.3614969453843849,-0.0326493690124203,timeout,True,kick,1,0.4063026293159523,True,0.0,,0.24126620590686798,13.823535337597828,kick,1,34
0.018430937081575394,False,-11.413743252940474,0.17976633366803027,0.18390374962333766,timeout,True,kick,1,0.4459047101475448,True,0.0,,0.31336161494255066,17.954297997611786,kick,1,35
0.014409913681447506,False,-14.587976970574823,0.2879744272072971,0.23846296859017196,timeout,True,kick,1,0.4328049196768313,True,0.0,,0.1964195817708969,11.254013049197154,kick,1,36
0.015839237719774246,False,-14.639005316868428,0.30731152313330995,0.22615185995735182,timeout,True,kick,1,0.32938477452452797,True,0.0,,0.25820037722587585,14.793791883728465,kick,1,37
0.03484479710459709,False,-20.652370678931476,0.4363354994222957,0.0014738343424855471,timeout,True,kick,1,0.41112275380176877,True,0.0,,0.25939369201660156,14.862163784867585,kick,1,38
0.010336842387914658,False,-11.423805024614564,0.2519855526821179,0.15399364888201617,timeout,True,kick,1,0.3139582775087322,True,0.0,,0.30534735321998596,17.495114624995583,kick,1,39
0.019999148324131966,False,-16.721778083723034,0.3440207069085884,-0.042821792355195454,timeout,True,kick,2,0.6560808038127037,True,0.0,,0.32999128103256226,18.90710767928127,kick,2,0
0.011613104492425919,False,-14.949103906732043,0.29376447931753547,0.22053880421476907,timeout,True,kick,2,0.7088285510568042,True,0.0,,0.4651801884174347,26.65286150941943,kick,2,1
0.017460040748119354,False,-16.488840336380527,0.23627773414239392,0.07477926813308344,timeout,True,kick,2,0.7750830841582667,True,0.0,,0.31825676560401917,18.234769470594603,kick,2,2
0.01848183572292328,False,-19.821660374924537,0.4189415697813427,-0.13031265083910543,timeout,True,kick,2,0.6537370939170677,True,0.0,,0.2776009440422058,15.905362482465728,kick,2,3
0.040282171219587326,False,-18.075614381083284,0.42223449974721383,-0.0998402478472801,timeout,True,kick,2,0.7380818284361521,True,0.0,,0.2731188237667084,15.648555907409712,kick,2,4
0.02554449997842312,False,-14.937792397774752,0.3126626953642481,0.15842061006726788,timeout,True,kick,2,0.5677948706380423,True,0.0,,0.30352774262428284,17.39085861750451,kick,2,5
0.036921869963407516,False,-13.456731936037544,0.301796841534831,-0.15491375986980632,timeout,True,kick,2,0.6804531948071392,True,0.0,,0.26200151443481445,15.011581003150784,kick,2,6
0.375021368265152,True,-14.420776328481727,0.31129980427446435,0.058913220037065006,tilt,True,kick,2,0.5439858494982694,False,,,0.5499025583267212,31.50709573556771,kick,2,7
0.0378556102514267,False,-18.97545495033264,0.38654949894694424,-0.06344123318671377,timeout,True,kick,2,0.6982907210930853,True,0.0,,0.2574623227119446,14.751504475029623,kick,2,8
0.02698083408176899,False,-14.471645321641116,0.33127080720566543,-0.13081856922722299,timeout,True,kick,2,0.6095955108706662,True,0.0,,0.28216078877449036,16.16662234086059,kick,2,9
0.045828141272068024,False,-14.54493286414072,0.23630632615895616,-0.09572034779803368,timeout,True,kick,2,0.7142832176381586,True,0.0,,0.45220115780830383,25.90921783334512,kick,2,10
0.02594604715704918,False,-12.216587977027517,0.2009564413007063,-0.03313410824739302,timeout,True,kick,2,0.765576000718542,True,0.0,,0.33521053194999695,19.206148729070062,kick,2,11
0.0390164814889431,False,-13.916465325457978,0.34285910070351255,-0.12454360194708652,timeout,True,kick,2,0.5136699164759785,True,0.0,,0.19050700962543488,10.915247619195569,kick,2,12
0.025542346760630608,False,-15.409609059030185,0.31650437675144966,-0.004197439505588485,timeout,True,kick,2,0.7519676629418066,True,0.0,,0.45673930644989014,26.169234597311043,kick,2,13
0.03033401444554329,False,-11.193015761133289,0.2544791944705519,-0.23112734825466014,timeout,True,kick,2,0.5153566418869376,True,0.0,,0.221896693110466,12.713744003139354,kick,2,14
0.03147650137543678,False,-16.116554990718125,0.25692581755760413,0.2544265344770737,timeout,True,kick,2,0.7747311030806318,True,0.0,,0.35717082023620605,20.464380564760425,kick,2,15
0.010719471611082554,False,-21.11980470077136,0.42702690335840016,-0.2512331651205045,timeout,True,kick,2,0.703369953297214,True,14.0,,0.424513578414917,24.322836389170668,kick,2,16
0.01710520312190056,False,-20.07785337699575,0.4471953465571875,0.05963497436593734,timeout,True,kick,2,0.7056801346380157,True,0.0,,0.23611178994178772,13.528209056943878,kick,2,17
0.020487096160650253,False,-19.671886557266102,0.39140613718126877,-0.09316646747056748,timeout,True,kick,2,0.6947445938255117,True,0.0,,0.2919560372829437,16.727848739676787,kick,2,18
0.01769452914595604,False,-14.157442863425233,0.3039852516378562,-0.02191633667160292,timeout,True,kick,2,0.601366594075724,True,0.0,,0.25578275322914124,14.655272232266022,kick,2,19
0.005913522560149431,False,-12.72151833482086,0.30073059419492365,-0.10424365944251662,timeout,True,kick,2,0.6040776679675631,True,0.0,,0.3317466080188751,19.007680507262418,kick,2,20
0.023842956870794296,False,-16.840279183350486,0.3569930671607716,-0.18871958166822822,timeout,True,kick,2,0.7720598296922909,True,0.0,,0.2566746473312378,14.706374000088765,kick,2,21
0.004833810031414032,False,-14.548019228000186,0.33099777197179286,-0.010135795396093272,timeout,True,kick,2,0.5102712813941317,True,0.0,,0.28631654381752014,16.40472956551641,kick,2,22
0.028376732021570206,False,-15.869286292083563,0.28679678089528443,0.009388540085936148,timeout,True,kick,2,0.5993040096737487,True,16.0,,0.42242905497550964,24.203401993796533,kick,2,23
0.049821071326732635,False,-14.619622693816192,0.3285251588475427,-0.1480017037212995,timeout,True,kick,2,0.7508163035701237,True,0.0,,0.46068838238716125,26.395499981493348,kick,2,24
0.028805123642086983,False,-12.689261519704022,0.2575377386562124,-0.2558936084745247,timeout,True,kick,2,0.5906567241389996,True,0.0,,0.28633445501327515,16.405755801439202,kick,2,25
0.00874838326126337,False,-9.746342332540086,0.13507521615572138,0.13932029088573522,timeout,True,kick,2,0.6825619969164423,True,0.0,,0.46789467334747314,26.8083900394625,kick,2,26
0.013575540855526924,False,-14.67378192686477,0.36005504770534996,0.21270227895872706,timeout,True,kick,2,0.7199308170931258,True,0.0,,0.2561165392398834,14.674396761942058,kick,2,27
0.030625950545072556,False,-14.829059978928411,0.24574483376689754,0.22129903664943895,timeout,True,kick,2,0.6629716858122123,True,22.0,,0.4018591344356537,23.02483236194332,kick,2,28
0.022285427898168564,False,-16.97006168119611,0.3792468895054977,0.05157463251526956,timeout,True,kick,2,0.7183949555490328,True,0.0,,0.3514900505542755,20.13889643759993,kick,2,29
0.009038030169904232,False,-15.624160751849411,0.3052492195316317,0.18463644634816562,timeout,True,kick,2,0.59888767097036,True,0.0,,0.35215601325035095,20.177053289398206,kick,2,30
0.017884669825434685,False,-15.73060189696028,0.33704257375683727,0.19314295641576823,timeout,True,kick,2,0.7572471282255877,True,0.0,,0.32649150490760803,18.706585278080745,kick,2,31
0.016490567475557327,False,-14.263060673894364,0.2681141886779938,-0.1677815965899539,timeout,True,kick,2,0.6262895783728609,True,0.0,,0.3879779279232025,22.229497814230356,kick,2,32
0.006893666461110115,False,-10.08648702976294,0.1989919106964742,0.2138333842993434,timeout,True,kick,2,0.5410753174198677,True,0.0,,0.3602706789970398,20.641989388842852,kick,2,33
0.0338362418115139,False,-21.311272632479657,0.4124380536712635,0.13896388127893428,timeout,True,kick,2,0.6808176237416468,True,0.0,,0.3343677222728729,19.157859291638072,kick,2,34
0.029432600364089012,False,-18.283005424765886,0.37762834745886475,-0.1866361148181952,timeout,True,kick,2,0.737477334721147,True,0.0,,0.274833083152771,15.746775735221787,kick,2,35
0.018603844568133354,False,-14.495781269501899,0.27387602913653775,-0.2500077146514088,timeout,True,kick,2,0.5826604043428835,True,0.0,,0.31250977516174316,17.905491173350168,kick,2,36
0.006523544900119305,False,-10.773152568666264,0.1933224186331909,-0.18492311701524516,timeout,True,kick,2,0.7271575724252701,True,0.0,,0.3417781591415405,19.58244604856087,kick,2,37
0.019239824265241623,False,-15.367562601808451,0.3222367933204334,0.06251291984307228,timeout,True,kick,2,0.6411738271079388,True,0.0,,0.438890665769577,25.146582816283594,kick,2,38
0.021872002631425858,False,-14.480109333544956,0.3085908244327918,-0.14258215166384824,timeout,True,kick,2,0.7714352549733711,True,0.0,,0.2663719356060028,15.2619876909545,kick,2,39
0.02322557009756565,False,-18.065092005282654,0.2600784464568692,0.08754764191337094,timeout,True,kick,3,1.0911635865726688,True,22.0,,0.44580206274986267,25.54257669379342,kick,3,0
0.014615798369050026,False,-16.31972322987391,0.24895800192991055,0.24899624457816533,timeout,True,kick,3,0.9211502224541682,True,0.0,,0.2940099537372589,16.845529483981522,kick,3,1
0.030354531481862068,False,-17.787436762675625,0.25938854825885416,-0.04389172245592396,timeout,True,kick,3,1.0134574166298402,True,22.0,,0.3953321576118469,22.65086413695949,kick,3,2
0.03838363289833069,False,-14.543117670435462,0.31135110810099736,-0.25204048618337227,timeout,True,kick,3,0.9370172410112292,True,0.0,,0.3211422860622406,18.40009761454935,kick,3,3
0.020552562549710274,False,-23.786415118537832,0.33342720425115036,-0.12842818692727678,timeout,True,kick,3,0.9997320859555487,True,26.0,,0.5152760744094849,29.523144347732444,kick,3,4
0.03539371117949486,False,-12.262476963456711,0.1554859612533975,0.1788473251279658,timeout,True,kick,3,0.9817213841559762,True,12.0,,0.48994457721710205,28.071756469861416,kick,3,5
0.04289120063185692,False,-16.784962679911402,0.2459564385992541,0.01753867294420014,timeout,True,kick,3,0.9446727801744217,True,13.0,,0.3667537569999695,21.013442396664825,kick,3,6
0.017103103920817375,False,-21.421029356401426,0.3679657971513351,0.08604332548121135,timeout,True,kick,3,0.826172006065541,True,20.0,,0.4145388603210449,23.75132714055902,kick,3,7
0.01716657727956772,False,-12.318279971480353,0.26096368750320686,-0.04731689420911833,timeout,True,kick,3,0.9565627434197437,True,0.0,,0.33829933404922485,19.38312405310697,kick,3,8
0.01750192791223526,False,-10.64935235481709,0.09809068630627732,0.23280085682837137,timeout,True,kick,3,0.9401885881419645,True,14.0,,0.3589690625667572,20.567412260842772,kick,3,9
0.017246432602405548,False,-15.445926725845787,0.2871383990613891,-0.06699989964485026,timeout,True,kick,3,0.8044349817934987,True,0.0,,0.3714890778064728,21.284756293517948,kick,3,10
0.021399904042482376,False,-14.467752956030877,0.31864368170289487,-0.18208455329814788,timeout,True,kick,3,0.8707409029014083,True,0.0,,0.3208652436733246,18.384224254918237,kick,3,11
0.01732577569782734,False,-10.456427897019308,0.05263170027464322,-0.16346274787936652,timeout,True,kick,3,0.8622167722214903,True,17.0,,0.3918931186199188,22.453821717141086,kick,3,12
0.026089811697602272,False,-14.137877765111623,0.28412242247242286,-0.11666164992503017,timeout,True,kick,3,0.9398934889988284,True,0.0,,0.47053012251853943,26.959390154085845,kick,3,13
0.03320809453725815,False,-23.8296057141293,0.43498150583539363,0.2327276433717983,timeout,True,kick,3,0.9953452781493193,True,20.0,,0.389789879322052,22.333314982067257,kick,3,14
0.01969398744404316,False,-9.800745262824929,0.12752631073049464,-0.08877736964836516,timeout,True,kick,3,0.9032763470593431,True,0.0,,0.27226996421813965,15.599919837877342,kick,3,15
0.028622902929782867,False,-22.001218613013595,0.4440249182300107,0.039827039933318265,timeout,True,kick,3,1.0464471389326582,True,0.0,,0.24994076788425446,14.32055112802673,kick,3,16
0.013416431844234467,False,-21.160636852942396,0.121329939420478,0.14250101469466292,timeout,True,kick,3,0.9983730258849914,True,41.0,,0.49396562576293945,28.302145580755116,kick,3,17
0.019387852400541306,False,-14.534997275527566,0.2250932848193253,0.1506945997638091,timeout,True,kick,3,0.9079732520631631,True,0.0,,0.33499547839164734,19.19382706780736,kick,3,18
0.034763555973768234,False,-16.868757561596595,0.2644631369279361,-0.1139096602185761,timeout,True,kick,3,1.0857096865569045,True,22.0,,0.42246219515800476,24.205300786385795,kick,3,19
0.3131759762763977,True,-15.301242756433792,0.3730452757885226,0.18526676828450045,tilt,True,kick,3,1.0150657244566117,False,,,0.46280133724212646,26.516563376984532,kick,3,20
0.2696826457977295,True,-11.431775558385995,0.2735977108605795,-0.060778665723906805,tilt,True,kick,3,1.032218117697505,False,,,0.5846697092056274,33.49910674662359,kick,3,21
0.014111754484474659,False,-15.5299432597775,0.29199093433131484,-0.07858972287656918,timeout,True,kick,3,0.9501420536635187,True,0.0,,0.46236127614974976,26.49134973366343,kick,3,22
0.01612340845167637,False,-12.037703290814534,0.2724005169105362,0.15450803576268152,timeout,True,kick,3,0.8373293865423485,True,0.0,,0.20949991047382355,12.00346067851868,kick,3,23
0.008352483622729778,False,-17.729844781691202,0.37374252161985044,-0.14736243596269918,timeout,True,kick,3,0.9125894759921306,True,0.0,,0.4572639763355255,26.199295967395564,kick,3,24
0.020151996985077858,False,-12.276895542596472,0.2203098409400208,-0.209355973329099,timeout,True,kick,3,0.8610609225758084,True,0.0,,0.420604944229126,24.09888814666429,kick,3,25
0.018170299008488655,False,-18.671938285604103,0.32893414925296793,-0.11035786964547942,timeout,True,kick,3,0.9834194901532157,True,18.0,,0.33585044741630554,19.24281318453469,kick,3,26
0.028364885598421097,False,-14.672019774625072,0.3066229469269461,-0.046167930999770124,timeout,True,kick,3,1.0003565321864816,True,0.0,,0.397922158241272,22.799260241961772,kick,3,27
0.05348708853125572,False,-21.518346050193056,0.2577179574191621,0.0027988146595452346,timeout,True,kick,3,1.0748733889321807,True,31.0,,0.4319206476211548,24.74723019324941,kick,3,28
0.016836857423186302,False,-17.756032765954725,0.2833583859096551,-0.06463246894801822,timeout,True,kick,3,1.010202229282093,True,18.0,,0.5141585469245911,29.45911473935816,kick,3,29
0.0128436628729105,False,-16.82473297542893,0.2974616573442077,0.14860440546683007,timeout,True,kick,3,1.0383379036374958,True,0.0,,0.38447654247283936,22.028883205476035,kick,3,30
0.01557154394686222,False,-21.998772891839035,0.3444226949416162,0.18443649311336724,timeout,True,kick,3,1.0952032571974375,True,17.0,,0.490833580493927,28.122692605596786,kick,3,31
0.07895945757627487,False,-24.527901552775866,0.4199497737793638,0.03207790238102659,timeout,True,kick,3,1.0920016921647375,True,18.0,,0.49530887603759766,28.379108152322818,kick,3,32
0.011299340054392815,False,-16.201608172617846,0.3433802770767439,-0.0524801765541108,timeout,True,kick,3,1.0211547602357007,True,0.0,,0.4566459059715271,26.16388314409634,kick,3,33
0.022524727508425713,False,-15.973472754722454,0.2618000263415732,0.04252260483268494,timeout,True,kick,3,1.0081607645183934,True,17.0,,0.3991276025772095,22.86832711484894,kick,3,34
0.03369373455643654,False,-18.880533934477718,0.42798535493151174,-0.12342851095757343,timeout,True,kick,3,0.903331158569085,True,0.0,,0.33138522505760193,18.986974788793525,kick,3,35
0.011501187458634377,False,-17.47023450135717,0.3742812245735685,0.004532859502669406,timeout,True,kick,3,0.88204286510321,True,0.0,,0.29063406586647034,16.65210535687593,kick,3,36
0.011884861625730991,False,-15.586205560620886,0.34301460198876066,-0.04200244797538161,timeout,True,kick,3,0.8679069837983378,True,0.0,,0.2953433692455292,16.9219285649427,kick,3,37
0.030433375388383865,False,-20.436945033557727,0.3165430825048739,0.07279177986559521,timeout,True,kick,3,0.9529721460765854,True,26.0,,0.37581926584243774,21.532857792476783,kick,3,38
0.18331779539585114,True,-7.7249134644866,0.21814581983130166,-0.03538692152549816,tilt,True,kick,3,1.048309733649902,False,,,0.5519559383392334,31.62474574402118,kick,3,39
0.059176914393901825,False,-24.25869486147537,0.3944087342620668,0.1653049523166107,timeout,True,kick,4,1.216704453518079,True,18.0,,0.49793294072151184,28.529455983880432,kick,4,0
0.03003353625535965,False,-26.73841980326921,0.34902955168693056,0.16583279765608894,timeout,True,kick,4,1.3084912625484282,True,26.0,,0.5139513611793518,29.447243870580678,kick,4,1
0.5081163048744202,True,-19.018644553907226,0.312427093468651,0.05732301565407033,tilt,True,kick,4,1.1330108208768366,False,,,0.5446412563323975,31.205645336549196,kick,4,2
0.3821380138397217,True,-19.552325017834082,0.4238984260236258,-0.2300133224358891,tilt,True,kick,4,1.1483520724955538,False,,,0.6555824279785156,37.5621062461082,kick,4,3
0.3346508741378784,True,-10.224938998855649,0.21075484406036796,-0.24447893579591012,tilt,True,kick,4,1.1657158874440523,False,,,0.6346229910850525,36.36121897114197,kick,4,4
0.2990167438983917,True,-13.053720827507787,0.31430201431256954,-0.17282121317937,tilt,True,kick,4,1.11459419252335,False,,,0.6993346214294434,40.06892227528628,kick,4,5
0.030598284676671028,False,-16.73107627216726,0.25909294656346066,0.14283279767943824,timeout,True,kick,4,1.1919718261760668,True,0.0,,0.4288269281387329,24.56997312390924,kick,4,6
0.01852026768028736,False,-22.647245237231253,0.3631810638187346,0.0576243830848181,timeout,True,kick,4,1.2274223879123023,True,18.0,,0.4740816354751587,27.16287685738616,kick,4,7
0.056562237441539764,False,-27.328992073470715,0.3421397806361381,0.017625209629227256,timeout,True,kick,4,1.1005839760848892,True,26.0,,0.45162516832351685,25.876216066822913,kick,4,8
0.4035278856754303,True,-14.74946014896035,0.355106086670613,0.1425317885812829,tilt,True,kick,4,1.3753585316997161,False,,,0.5557661652565002,31.84305566536771,kick,4,9
0.0637623593211174,False,-26.740596545981248,0.23946342067051993,-0.18937962248667725,timeout,True,kick,4,1.3296989341130812,True,45.0,,0.5388835072517395,30.875750614732166,kick,4,10
0.03840789571404457,False,-18.180881872810414,0.19357277844446288,0.2081400157178161,timeout,True,kick,4,1.3130909856543869,True,20.0,,0.4699641764163971,26.92696383100121,kick,4,11
0.2728610038757324,True,-14.46225830655545,0.37687661458398075,0.23636948251155998,tilt,True,kick,4,1.3007525001112217,False,,,0.7239030003547668,41.476586697185475,kick,4,12
0.01613924652338028,False,-26.005571587588637,0.4323547851167988,0.25429213726400784,timeout,True,kick,4,1.2337154966367727,True,22.0,,0.4426969289779663,25.36466563384022,kick,4,13
0.032628197222948074,False,-21.01667455368674,0.3939821319487811,-0.04766657373860381,timeout,True,kick,4,1.1368617451928256,True,0.0,,0.39848020672798157,22.831234065013895,kick,4,14
0.017929542809724808,False,-20.614441204965097,0.3555041425357016,-0.255087661970698,timeout,True,kick,4,1.2573772114548252,True,16.0,,0.47953906655311584,27.475564625136634,kick,4,15
0.03410452976822853,False,-11.784873956888909,0.08762109584897995,0.20218189088219868,timeout,True,kick,4,1.185917325634871,True,17.0,,0.3754051625728607,21.509131422847453,kick,4,16
0.2769426703453064,True,-14.843072048835463,0.3629839129549148,-0.22886109654961012,tilt,True,kick,4,1.113618272905696,False,,,0.56142258644104,32.167144726390234,kick,4,17
0.014530175365507603,False,-19.56572785110212,0.3342342376210548,0.1324857989177311,timeout,True,kick,4,1.3021449730171926,True,19.0,,0.3214799761772156,18.4194458329207,kick,4,18
0.04574265331029892,False,-23.810937400925898,0.319779131007336,0.14342710885456839,timeout,True,kick,4,1.3326108968571937,True,25.0,,0.4761168956756592,27.279488677085787,kick,4,19
0.04285290837287903,False,-22.86112773306666,0.3421422261180094,-0.1917546672212851,timeout,True,kick,4,1.1084051634559624,True,23.0,,0.40847116708755493,23.403673926899955,kick,4,20
0.0067902239970862865,False,-15.74665885020047,0.25612208908035505,0.20426188383538918,timeout,True,kick,4,1.3254945703955097,True,15.0,,0.3803044855594635,21.78984195245122,kick,4,21
0.016613435000181198,False,-15.48251375585795,0.25391752688023983,0.19745255226760378,timeout,True,kick,4,1.1428630789250873,True,0.0,,0.32107022404670715,18.395968765196073,kick,4,22
0.35799986124038696,True,-15.97463958563283,0.3754714111831214,-0.1118081539243106,tilt,True,kick,4,1.4643643781964382,False,,,0.900838315486908,51.614233501074374,kick,4,23
0.3169747292995453,True,-16.216976719778028,0.3959962058289835,-0.13920027478749064,tilt,True,kick,4,1.3678881029522891,False,,,0.6489353179931641,37.18125489798829,kick,4,24
0.2956213653087616,True,-6.19134446551092,0.09098901968331723,-0.2351529368592793,tilt,True,kick,4,1.2051592807143403,False,,,0.6470534205436707,37.073430116655885,kick,4,25
0.00945953093469143,False,-18.142553951181487,0.13102481304298558,-0.08617014083674104,timeout,True,kick,4,1.3294976426770109,True,27.0,,0.5388664603233337,30.874773897680853,kick,4,26
0.051887303590774536,False,-15.935158867491404,0.29127194014942487,0.06984051758750948,timeout,True,kick,4,1.2725323196155953,True,0.0,,0.3110666573047638,17.822806610805284,kick,4,27
0.026032928377389908,False,-14.889361904505636,0.32464484472631033,0.1037781156469414,timeout,True,kick,4,1.1569654787218417,True,0.0,,0.24452517926692963,14.01026075667493,kick,4,28
0.6945294737815857,True,-23.05270593238993,0.3456858175075798,0.14785745730994682,tilt,True,kick,4,1.34448796693735,False,,,0.6936619877815247,39.74390430853664,kick,4,29
0.012403198517858982,False,-10.429307213369752,0.15776946833644662,-0.13889752062039784,timeout,True,kick,4,1.2615725495049575,True,0.0,,0.3999336361885071,22.914509438921982,kick,4,30
0.023930324241518974,False,-20.222000682484342,0.4029117790760367,0.22387775406880372,timeout,True,kick,4,1.3641747780131717,True,17.0,,0.5234007835388184,29.988655890614666,kick,4,31
0.33544716238975525,True,-7.791479053050281,0.12924749195465204,0.19728803792034477,tilt,True,kick,4,1.4044017106963178,False,,,0.5307815670967102,30.41154363798142,kick,4,32
0.5806005597114563,True,-18.57502168906853,0.31936593645993144,0.14272640334456882,tilt,True,kick,4,1.2081433919850881,False,,,0.6838803291320801,39.18345655128583,kick,4,33
0.5007529258728027,True,-14.857083145380019,0.26777995700759827,-0.23041230036394494,tilt,True,kick,4,1.2648338047688048,False,,,0.5323423147201538,30.50096788968981,kick,4,34
0.016994794830679893,False,-18.38880033615046,0.2887557703987566,-0.21271336078681075,timeout,True,kick,4,1.2369170162607461,True,19.0,,0.5063537955284119,29.011935424208257,kick,4,35
0.19149750471115112,True,-11.236301592886447,0.26561059221283784,0.14345579107971895,tilt,True,kick,4,1.265675837509403,False,,,0.5516487956047058,31.607147761624642,kick,4,36
0.026927754282951355,False,-18.459583783838884,0.31181258907836085,0.10462981498422008,timeout,True,kick,4,1.1856009091575352,True,0.0,,0.32715630531311035,18.744675535534615,kick,4,37
0.02162979356944561,False,-21.805814881548258,0.32156849908116664,0.11817549258676796,timeout,True,kick,4,1.3807882396002706,True,20.0,,0.4071494936943054,23.327947619572026,kick,4,38
0.013112413696944714,False,-28.832661980558186,0.320340465869101,0.22755074447806045,timeout,True,kick,4,1.2139719567288392,False,,,0.43654853105545044,25.01238838211306,kick,4,39
0.3494262993335724,True,-14.00735158655792,0.3319196977606074,0.25664593326105395,tilt,True,kick,5,1.900300185722093,False,,,0.6154544949531555,35.262945043171435,kick,5,0
0.02030768059194088,False,-15.945248488672078,0.1898869167658412,0.12878097424381707,timeout,True,kick,5,1.9889905205616967,True,20.0,,0.27835947275161743,15.948822976154519,kick,5,1
0.8787696957588196,True,-18.255862200143746,0.26875300745359965,0.013360505547900026,tilt,True,kick,5,1.9932865399109003,False,,,0.890369176864624,51.014396042880094,kick,5,2
0.5034725666046143,True,-10.885558272683992,0.2293879722669159,0.17411036878760328,tilt,True,kick,5,1.7583674551641058,False,,,0.7730314135551453,44.29143742774196,kick,5,3
0.5167727470397949,True,-12.545942229311915,0.2608897406600609,0.07559423436173257,tilt,True,kick,5,1.7719079664261024,False,,,0.6801542639732361,38.969968743493325,kick,5,4
0.5217221975326538,True,-19.19321377491578,0.36013929400819444,-0.09276348788379926,tilt,True,kick,5,1.590777956157381,False,,,0.6059138178825378,34.716304513327806,kick,5,5
0.2772914469242096,True,-11.263202100507913,0.28580167831660874,-0.23387044531883172,tilt,True,kick,5,1.7972092224580636,False,,,0.681491494178772,39.04658639050795,kick,5,6
0.014211421832442284,False,-24.27563601084052,0.24466751107555607,-0.16700213929324353,timeout,True,kick,5,1.5149240439086822,True,46.0,,0.4321259558200836,24.758993486547464,kick,5,7
0.39758726954460144,True,-12.505265235463158,0.30207262088062153,0.05832887392651753,tilt,True,kick,5,1.6242105994134912,False,,,0.5208982229232788,29.845269729368585,kick,5,8
0.6925280094146729,True,-14.346633895002306,0.23538141401214668,0.09216477926960653,tilt,True,kick,5,1.9039150575370938,False,,,0.7765201926231384,44.49132974399156,kick,5,9
0.5549045205116272,True,-10.485898751039057,0.21570260541823918,-0.031872137223478314,tilt,True,kick,5,1.9652080921118236,False,,,0.6184173226356506,35.43270256480293,kick,5,10
0.39423030614852905,True,-10.920452780462805,0.2635376947965957,0.021936377396839013,tilt,True,kick,5,1.7853835453847609,False,,,0.765270471572876,43.846768207112035,kick,5,11
0.5946043133735657,True,-19.94782017512247,0.39867014345612406,0.05017587686805658,tilt,True,kick,5,1.9504967064626864,False,,,0.7333478927612305,42.017739170031,kick,5,12
0.5565127730369568,True,-13.054104678528386,0.2627897590027201,-0.23593972901511256,tilt,True,kick,5,1.7661379866291635,False,,,0.5800415277481079,33.23393148228701,kick,5,13
0.42667973041534424,True,-8.752583563886576,0.2148252207445744,0.19960075041363357,tilt,True,kick,5,1.874060765915445,False,,,0.8207693696022034,47.026620831819415,kick,5,14
0.5421732664108276,True,-11.657292214781048,0.2722462703356813,-0.22175391686381402,tilt,True,kick,5,1.5347393567780427,False,,,0.6353156566619873,36.400905785314336,kick,5,15
0.34501340985298157,True,-7.43728299468756,0.1507519032252167,-0.2457798182998715,tilt,True,kick,5,1.5162939885595164,False,,,0.7931376099586487,45.443437623723824,kick,5,16
0.03389035910367966,False,-19.574644522536552,0.29937934295368746,-0.1670318396666815,timeout,True,kick,5,1.5705128774802535,True,18.0,,0.438777357339859,25.140090721477495,kick,5,17
0.4753715693950653,True,-12.625656573325395,0.2542316022479389,0.11546249767385164,tilt,True,kick,5,1.9032363139581294,False,,,0.776455283164978,44.48761070598848,kick,5,18
0.029255447909235954,False,-16.40194333619438,0.125786835346565,-0.2429769117659622,timeout,True,kick,5,1.7572683160413027,True,24.0,,0.4060973823070526,23.267666077504785,kick,5,19
0.5304866433143616,True,-13.57619172520935,0.2867283738210417,-0.035881466438861975,tilt,True,kick,5,1.8671837804302864,False,,,0.5676936507225037,32.526450242773336,kick,5,20
0.5166026949882507,True,-15.120676628015937,0.3332081391931183,0.14299908027577046,tilt,True,kick,5,1.7203791018933703,False,,,0.863159716129303,49.455408779919274,kick,5,21
0.6144406199455261,True,-16.969553793650125,0.31647437366405634,0.00576506217202416,tilt,True,kick,5,1.7645311716407797,False,,,0.6963220834732056,39.89631656477089,kick,5,22
0.29383325576782227,True,-9.331764275711029,0.22842902731806722,-0.011515020194263925,tilt,True,kick,5,1.5659121582169249,False,,,0.567661464214325,32.524606091697436,kick,5,23
0.024784943088889122,False,-38.554825540967265,0.36417323190583156,-0.08868165949048132,timeout,True,kick,5,1.6836642541284723,False,,,0.5030176043510437,28.82078575009628,kick,5,24
0.48897212743759155,True,-15.310673708915706,0.36160812371076645,0.23837768377676943,tilt,True,kick,5,1.6483161916510494,False,,,0.6049114465713501,34.658872867691755,kick,5,25
0.3827770948410034,True,-15.359083876907823,0.32572464659351597,0.22423841322117993,tilt,True,kick,5,1.75910365843121,False,,,0.8053174614906311,46.14129171160236,kick,5,26
0.027441564947366714,False,-32.704014675375056,0.33265115884356405,0.16280218590142448,timeout,True,kick,5,1.5212078825245112,True,45.0,,0.5405524969100952,30.97137667820693,kick,5,27
0.511828601360321,True,-11.862155212350187,0.21910741189009417,0.016788511876267898,tilt,True,kick,5,1.8697117719703673,False,,,0.8660792112350464,49.622683527787466,kick,5,28
0.37324258685112,True,-11.64638484328985,0.23914250384821314,-0.16614357118029563,tilt,True,kick,5,1.5106158757720758,False,,,0.7494688630104065,42.94140272696475,kick,5,29
0.032202064990997314,False,-27.013506561592223,0.06725648275217078,-0.16891313768027916,timeout,True,kick,5,1.955379544499894,True,52.0,,0.5185678601264954,29.711749776378593,kick,5,30
0.43966957926750183,True,-11.855106898490341,0.22831635772085307,-0.2073130771574288,tilt,True,kick,5,1.862225421605312,False,,,0.6289832592010498,36.038086136603255,kick,5,31
0.45380699634552,True,-12.016440830007193,0.2720836579877682,-0.22984688656173394,tilt,True,kick,5,1.7815935935248,False,,,0.930689811706543,53.324598246610186,kick,5,32
0.44396790862083435,True,-14.315611822698273,0.27755037268469906,-0.055760944254602096,tilt,True,kick,5,1.5980718974406103,False,,,0.6736342310905457,38.59639837702865,kick,5,33
0.34953150153160095,True,-12.194471539594234,0.2834553636403134,0.2133653796438419,tilt,True,kick,5,1.511183940258754,False,,,0.7046535611152649,40.3736750707685,kick,5,34
0.03635672852396965,False,-22.538267834279672,0.2834246374773677,0.08827457882747808,timeout,True,kick,5,1.6395935038194402,True,23.0,,0.5373270511627197,30.786572249833895,kick,5,35
0.46224328875541687,True,-12.68485606948379,0.2945491594431647,0.10389453879079497,tilt,True,kick,5,1.8746114871725097,False,,,0.8710346817970276,49.906611076490314,kick,5,36
0.42895692586898804,True,-11.499331697355958,0.21904294876230926,0.12335084237634747,tilt,True,kick,5,1.6568682716249135,False,,,0.5988649725914001,34.312435427704955,kick,5,37
0.5774997472763062,True,-14.434460112676016,0.2895699451149508,0.023190463400492467,tilt,True,kick,5,1.9175439116490145,False,,,0.7148723602294922,40.95916913170574,kick,5,38
0.016212839633226395,False,-23.871752909701296,0.28998998149639593,0.19636419754394546,timeout,True,kick,5,1.6177859085188135,True,31.0,,0.43070417642593384,24.677531527864016,kick,5,39
0.022009897977113724,False,-17.23536360424013,0.4062419713675258,0.23606828967146098,timeout,True,torque,1,1.5076848611326965,True,0.0,,0.25833606719970703,14.801566346551231,torque,1,0
0.027252329513430595,False,-11.332905327663758,0.22211449826194363,0.23693575562817776,timeout,True,torque,1,1.9401243342690992,True,0.0,,0.2754893898963928,15.784379341697292,torque,1,1
0.06793247163295746,False,-12.180279235779317,0.24736020143151238,0.14091355511803083,timeout,True,torque,1,1.6624550780741851,True,0.0,,0.2607668340206146,14.94083902636967,torque,1,2
0.04433621093630791,False,-11.198952611554397,0.24281960564934144,-0.09449049903481233,timeout,True,torque,1,1.9978507315026346,True,0.0,,0.22536174952983856,12.912277111744114,torque,1,3
0.021984506398439407,False,-14.212748038768753,0.3125872370408169,-0.019471192226486994,timeout,True,torque,1,1.266533860568344,True,0.0,,0.2002446949481964,11.473175890416291,torque,1,4
0.010938241146504879,False,-17.4102674811799,0.38938846306349084,-0.03819707580734866,timeout,True,torque,1,1.2506913492441751,True,0.0,,0.3636612594127655,20.836255336763646,torque,1,5
0.029642434790730476,False,-12.748337559278577,0.27535873168567826,-0.24909419768422117,timeout,True,torque,1,1.4426756975964299,True,0.0,,0.30066972970962524,17.227106539700745,torque,1,6
0.02682781033217907,False,-14.056182908094486,0.3470771918381047,0.036411722817630277,timeout,True,torque,1,1.8375849553059849,True,0.0,,0.19172295928001404,10.984916402503345,torque,1,7
0.01594572886824608,False,-13.580990382274633,0.30149369242044693,0.2550476959721059,timeout,True,torque,1,1.5865025773546741,True,0.0,,0.20247329771518707,11.600865423176034,torque,1,8
0.017980916425585747,False,-14.128415416944774,0.32455223510213127,0.20138221631535808,timeout,True,torque,1,1.0159066059787318,True,0.0,,0.23216687142848969,13.302181875608877,torque,1,9
0.013383215293288231,False,-14.184773666132239,0.27704448750686794,0.2436959412146275,timeout,True,torque,1,1.3294689250975718,True,0.0,,0.24702590703964233,14.153541903762518,torque,1,10
0.04327543452382088,False,-13.917312152604557,0.31168374256303866,0.055183063877932925,timeout,True,torque,1,1.8395407285397969,True,0.0,,0.2914543151855469,16.699102181007493,torque,1,11
0.03184884041547775,False,-16.353222723156208,0.35321622852232987,-0.26099588136971247,timeout,True,torque,1,1.6383852367217964,True,0.0,,0.2361866533756256,13.532498415742646,torque,1,12
0.013200507499277592,False,-11.666715962961327,0.22612148906144366,0.04219308381241038,timeout,True,torque,1,1.4745659475863993,True,0.0,,0.2547112703323364,14.593880784458655,torque,1,13
0.006275078281760216,False,-13.016426148107266,0.27297872047504007,0.17619684440038325,timeout,True,torque,1,1.2082975358418495,True,0.0,,0.23529066145420074,13.481161860167184,torque,1,14
0.01953011192381382,False,-13.233542007571073,0.2103448420077298,0.22213180509521485,timeout,True,torque,1,1.3365287538996902,True,0.0,,0.29392296075820923,16.840545153434704,torque,1,15
0.01411836501210928,False,-17.294405018007367,0.41776440056175934,-0.2008612887835254,timeout,True,torque,1,1.8247821567743512,True,0.0,,0.2258933037519455,12.942732925253202,torque,1,16
0.016626913100481033,False,-10.900383447464552,0.18506415036474733,0.12304379109236319,timeout,True,torque,1,1.583034574339493,True,0.0,,0.32306668162345886,18.510357358320864,torque,1,17
0.010958705097436905,False,-14.86038948354311,0.3772509848994302,-0.19694733842663054,timeout,True,torque,1,1.5837057642759467,True,0.0,,0.19832272827625275,11.363055311749115,torque,1,18
0.027750805020332336,False,-17.52705869204365,0.4088673141461864,0.17383776136368634,timeout,True,torque,1,1.8999065027634985,True,0.0,,0.21634894609451294,12.395881513318946,torque,1,19
0.023271458223462105,False,-12.796926434878255,0.3362269393403117,-0.07630998678998685,timeout,True,torque,1,1.8011389009742644,True,0.0,,0.2175193876028061,12.46294287191107,torque,1,20
0.04793225973844528,False,-15.673311073528577,0.29338660826992435,0.25798161449838314,timeout,True,torque,1,1.926659567672404,True,0.0,,0.2631573975086212,15.077808224890521,torque,1,21
0.009474964812397957,False,-13.259746030964878,0.2912138790827502,0.08621003384225334,timeout,True,torque,1,1.6448429314689446,True,0.0,,0.16735194623470306,9.588560212548755,torque,1,22
0.023607250303030014,False,-13.172694093827147,0.34517830725358156,-0.12870369321441466,timeout,True,torque,1,1.6285182913478955,True,0.0,,0.18490315973758698,10.594170671597023,torque,1,23
0.01424611359834671,False,-13.024079017788166,0.3076025897992421,0.02538528430632836,timeout,True,torque,1,1.1767214910779855,True,0.0,,0.23380231857299805,13.395886094605927,torque,1,24
0.01756337657570839,False,-14.628751126378775,0.34607273048520054,-0.2264754245178044,timeout,True,torque,1,1.3959726123433793,True,0.0,,0.1855824887752533,10.633093358355987,torque,1,25
0.034336771816015244,False,-9.422955114152279,0.20467706730108953,-0.12250810113828672,timeout,True,torque,1,1.6788360056210112,True,0.0,,0.24409443140029907,13.985580721882734,torque,1,26
0.020047485828399658,False,-14.38724798459559,0.3197131645233158,-0.15118351010570946,timeout,True,torque,1,1.4369009551452332,True,0.0,,0.28205978870391846,16.1608354630863,torque,1,27
0.04280581697821617,False,-12.535502100242303,0.2548423467764041,-0.24764006807927028,timeout,True,torque,1,1.1893997822217417,True,0.0,,0.18311163783073425,10.491524027429133,torque,1,28
0.01741742715239525,False,-13.659773304355333,0.31067288960743844,-0.08454565969839076,timeout,True,torque,1,1.672222215832243,True,0.0,,0.32951289415359497,18.87969813014201,torque,1,29
0.018749108538031578,False,-8.07106925433502,0.027655138654702417,0.16273422269810717,timeout,True,torque,1,1.2323932689757164,True,0.0,,0.2742176949977875,15.711516591178889,torque,1,30
0.02797113172709942,False,-10.950913893897088,0.22349971810712402,-0.20098547523591553,timeout,True,torque,1,1.6523011236734677,True,0.0,,0.19565708935260773,11.21032545171846,torque,1,31
0.04006083309650421,False,-17.56064474743789,0.3408701423730355,0.2596105520752166,timeout,True,torque,1,1.181867862653637,True,0.0,,0.2971656322479248,17.026336544142804,torque,1,32
0.015766862779855728,False,-8.302941502435136,0.18331854813088663,-0.21718783277883424,timeout,True,torque,1,1.4248224992479468,True,0.0,,0.22973068058490753,13.162598422183203,torque,1,33
0.020584195852279663,False,-13.635015861885623,0.32456952106622355,-0.24166955172737425,timeout,True,torque,1,1.832406405419594,True,0.0,,0.23960116505622864,13.72813552413932,torque,1,34
0.006326914764940739,False,-12.721842055898161,0.2655101635397098,-0.02003762629535527,timeout,True,torque,1,1.463251055854232,True,0.0,,0.32314765453338623,18.514996764314596,torque,1,35
0.007596616633236408,False,-13.747758735232056,0.3035812700379095,-0.18508344989817352,timeout,True,torque,1,1.3177677475621365,True,0.0,,0.21257248520851135,12.17950624305482,torque,1,36
0.009563527069985867,False,-14.246294405953964,0.36238116585549984,-0.2226460400408113,timeout,True,torque,1,1.3775913869984877,True,0.0,,0.1996440589427948,11.438761982283182,torque,1,37
0.026582879945635796,False,-15.21878772056195,0.3811994727744569,-0.20788458413286665,timeout,True,torque,1,1.2054181068973315,True,0.0,,0.19861048460006714,11.379542534631879,torque,1,38
0.019339891150593758,False,-7.802234133463347,0.08726981551283196,0.01566852336062957,timeout,True,torque,1,1.8356919232260676,True,0.0,,0.21036899089813232,12.053255318889011,torque,1,39
0.01855187490582466,False,-13.200553082898264,0.30071195141570206,0.05016002675479536,timeout,True,torque,2,3.339899885101815,True,0.0,,0.2619476914405823,15.008497172740524,torque,2,0
0.3018511235713959,True,-11.092650561314075,0.2568446576985707,0.09161139580036343,tilt,True,torque,2,3.2262524296645365,False,,,0.47453033924102783,27.188585689422087,torque,2,1
0.017788764089345932,False,-11.195189266996453,0.2713747242260235,-0.06269122897249771,timeout,True,torque,2,2.5433061764983655,True,0.0,,0.22242967784404755,12.74428177891848,torque,2,2
0.020790312439203262,False,-16.469467479158176,0.3703707855454518,0.07705958215523917,timeout,True,torque,2,2.590958668481634,True,0.0,,0.24057263135910034,13.783796443233047,torque,2,3
0.017833763733506203,False,-15.541703348504386,0.35542927556339327,-0.10213051747066057,timeout,True,torque,2,2.535443928308685,True,0.0,,0.2615928053855896,14.988163699581396,torque,2,4
0.0237203948199749,False,-12.887124414555727,0.23905905412707473,-0.09016329153698982,timeout,True,torque,2,3.6451344120129816,True,0.0,,0.3052435517311096,17.489167237775796,torque,2,5
0.002733066910877824,False,-13.326608775127683,0.2522551632153712,0.19185899817941232,timeout,True,torque,2,3.810141665735996,True,0.0,,0.313606321811676,17.96831866843053,torque,2,6
0.031846169382333755,False,-13.268289143117144,0.26342614593414315,0.14502536179509706,timeout,True,torque,2,2.813984433063411,True,0.0,,0.29692742228507996,17.01268811863383,torque,2,7
0.04315858706831932,False,-12.861173498313864,0.2906866909396176,0.010027860159602553,timeout,True,torque,2,3.2270568525887624,True,0.0,,0.30565154552459717,17.512543560210162,torque,2,8
0.03810514509677887,False,-10.940449919532988,0.2340633325422176,-0.18003375450750514,timeout,True,torque,2,3.97626941675808,True,0.0,,0.2580234408378601,14.783654175452874,torque,2,9
0.08137961477041245,False,-9.310871040159835,0.1302812658101247,-0.08754787933799854,timeout,True,torque,2,3.8753893865700344,True,0.0,,0.1757121980190277,10.067567355457273,torque,2,10
0.03978376463055611,False,-11.54376348821446,0.23079376759652176,0.037606182462883775,timeout,True,torque,2,3.449948475591057,True,0.0,,0.25660571455955505,14.702424443201204,torque,2,11
0.0034354436211287975,False,-25.086033875849083,0.45130462569847885,-0.029882398465084836,timeout,True,torque,2,3.699314330509949,True,26.0,,0.45888960361480713,26.292437549559732,torque,2,12
0.07203193008899689,False,-17.017131992485368,0.3134632402224971,0.23644745021827585,timeout,True,torque,2,2.012118099965274,True,0.0,,0.35425475239753723,20.297302184830865,torque,2,13
0.009963873773813248,False,-13.201443732781337,0.35495653892017937,-0.06524829276394573,timeout,True,torque,2,2.6519170262827902,True,0.0,,0.2095148116350174,12.004314452164932,torque,2,14
0.013506734743714333,False,-12.583563891965905,0.31253493617601696,0.2530646410269877,timeout,True,torque,2,2.040984053643653,True,0.0,,0.20417903363704681,11.698596892462453,torque,2,15
0.012170140631496906,False,-11.646368617392143,0.1925159556540289,-0.10585494523348155,timeout,True,torque,2,2.176522638788036,True,0.0,,0.2680055499076843,15.355586895793062,torque,2,16
0.006247988436371088,False,-10.417560875453052,0.24129791226637987,-0.08628158036116365,timeout,True,torque,2,2.103973804799863,True,0.0,,0.21195003390312195,12.143842410303598,torque,2,17
0.014846285805106163,False,-15.856959159658285,0.3616459649680641,-0.1285996621811363,timeout,True,torque,2,3.9872641935665047,True,0.0,,0.487301766872406,27.920334591056818,torque,2,18
0.035983458161354065,False,-20.788968389090158,0.2828577758473526,0.1892619839780475,timeout,True,torque,2,3.6573788242748444,True,26.0,,0.3653326630592346,20.9320197115691,torque,2,19
0.00831562839448452,False,-17.301330044046026,0.4085690279945132,-0.1992642596590627,timeout,True,torque,2,3.8525607130150736,True,0.0,,0.187815859913826,10.76105609868253,torque,2,20
0.019375832751393318,False,-8.255965700903912,0.1492838934154269,0.24384870157673894,timeout,True,torque,2,2.1313763760681668,True,0.0,,0.30673879384994507,17.574838300535266,torque,2,21
0.01580755226314068,False,-12.107743956856433,0.22498624798671638,0.1828506980283156,timeout,True,torque,2,3.3882840475719083,True,0.0,,0.2705398201942444,15.500789887358362,torque,2,22
0.0316610224545002,False,-14.652809870229095,0.2922362623772448,-0.2485160458192284,timeout,True,torque,2,2.5608380261452988,True,0.0,,0.18924762308597565,10.843090085708969,torque,2,23
0.022237027063965797,False,-15.592144862953566,0.297116959177223,-0.04068022371066185,timeout,True,torque,2,3.047139279654772,True,0.0,,0.3669123947620392,21.02253167090282,torque,2,24
0.08391077071428299,True,-7.333071058392525,0.2840690406878224,0.125910762060437,tilt,True,torque,2,3.8580322510841247,False,,,0.6331132650375366,36.27471804039835,torque,2,25
0.14233645796775818,True,-13.121540458546953,0.28826259718216973,-0.001420091562272019,tilt,True,torque,2,3.4291619579119157,False,,,0.5097445249557495,29.206209909865514,torque,2,26
0.013777056708931923,False,-10.174501872570248,0.17033379914860575,-0.05671015283574621,timeout,True,torque,2,3.4191153527670464,True,0.0,,0.2631811201572418,15.079167432535353,torque,2,27
0.06377308070659637,False,-15.117781922747382,0.3724256373704878,0.057556669561292295,timeout,True,torque,2,2.235080707646396,True,0.0,,0.15419277548789978,8.83459526686491,torque,2,28
0.06069565564393997,False,-18.661598125072192,0.38893400182686366,0.1824524666226982,timeout,True,torque,2,2.9282140533919163,True,0.0,,0.28334689140319824,16.234581015554927,torque,2,29
0.17964448034763336,True,-14.777224840037535,0.37392524650388836,0.11694076012891225,tilt,True,torque,2,3.2442041966946276,False,,,0.5358954668045044,30.70454850809121,torque,2,30
0.008336524479091167,False,-12.793394991233951,0.2918261505827453,0.03741260820504827,timeout,True,torque,2,3.778987440997128,True,0.0,,0.24176433682441711,13.852076136818372,torque,2,31
0.03417236730456352,False,-13.953340291790658,0.3264131524119985,0.15637963010888162,timeout,True,torque,2,2.132717154416172,True,0.0,,0.266763836145401,15.284441937850916,torque,2,32
0.030196255072951317,False,-9.87077922976576,0.20890474809121515,-0.035223401922666625,timeout,True,torque,2,3.5815595563168596,True,0.0,,0.2016424834728241,11.553263273529275,torque,2,33
0.018341409042477608,False,-11.937233058558778,0.22560669366239086,0.2059299609344728,timeout,True,torque,2,2.514475450117015,True,0.0,,0.28505781292915344,16.332609598070242,torque,2,34
0.025053853169083595,False,-11.601975079542022,0.24030290784847974,-0.1541693596535848,timeout,True,torque,2,3.4051255305248667,True,0.0,,0.27901074290275574,15.98613800713759,torque,2,35
0.02157033048570156,False,-14.188631159418723,0.3275483427634408,-0.15739264836126127,timeout,True,torque,2,2.5007567714475263,True,0.0,,0.2930460572242737,16.79030228190009,torque,2,36
0.013921190053224564,False,-9.994673497322959,0.19947445322029503,-0.21235229891245913,timeout,True,torque,2,2.7912420017066513,True,0.0,,0.29518163204193115,16.912661705786284,torque,2,37
0.006676227319985628,False,-13.570070716580382,0.2560428930480885,-0.09247627258209051,timeout,True,torque,2,3.008949590758324,True,0.0,,0.3636063039302826,20.83310661955627,torque,2,38
0.005685411859303713,False,-12.626398544711988,0.2738013479655979,-0.03575461348949985,timeout,True,torque,2,3.023797522680468,True,0.0,,0.3485148847103119,19.968431991389334,torque,2,39
0.018833689391613007,False,-21.593505437504497,0.4872154219836221,0.008956108054243406,timeout,True,torque,3,4.219382641455186,True,0.0,,0.2559801936149597,14.666584733078855,torque,3,0
0.27017298340797424,True,-14.59930470643565,0.3917768995601817,-0.13627947085996428,tilt,True,torque,3,5.932533296820504,False,,,0.5040805339813232,28.8816871318307,torque,3,1
0.07931626588106155,False,-16.186579305026683,0.24450192174262078,0.1979460827371553,timeout,True,torque,3,5.700306408825741,True,0.0,,0.29813507199287415,17.08188135002064,torque,3,2
0.0025825868360698223,False,-16.607803988000356,0.3644278563806259,0.1589037977919644,timeout,True,torque,3,4.769115494038447,True,0.0,,0.2709692120552063,15.525392228748748,torque,3,3
0.13462741672992706,True,-9.371255629435176,0.3063491292484335,-0.07141455767008792,tilt,True,torque,3,5.676024454241747,False,,,0.7388776540756226,42.33457115506038,torque,3,4
0.02053658477962017,False,-12.871144090034068,0.2824538382974658,0.13190696942638197,timeout,True,torque,3,4.374265866608384,True,0.0,,0.2807403802871704,16.0852389293526,torque,3,5
0.03091156668961048,False,-19.257915161252008,0.31318076657703847,0.20234891050102538,timeout,True,torque,3,4.277640788936386,True,23.0,,0.4198390543460846,24.05500588879425,torque,3,6
0.14465969800949097,True,-9.607834728322924,0.26067306085789627,-0.06754966074332935,tilt,True,torque,3,4.686989283917289,False,,,0.6075074076652527,34.80761048215253,torque,3,7
0.45136165618896484,True,-14.40806092005223,0.305503080725451,-0.07066441463571979,tilt,True,torque,3,5.482662354356072,False,,,0.5482196807861328,31.41067395505464,torque,3,8
0.12000744789838791,True,-6.447676231767983,0.22051157059518356,-0.0539697207869575,tilt,True,torque,3,5.57042939286931,False,,,0.5834395289421082,33.42862260948364,torque,3,9
0.01925613358616829,False,-19.068215623572442,0.36606029816969043,-0.15326126264559206,timeout,True,torque,3,5.090016063726445,True,0.0,,0.2710491120815277,15.52997016303995,torque,3,10
0.01928514428436756,False,-14.704698906112457,0.35689132692955045,-0.0329157683671894,timeout,True,torque,3,5.837944319083494,True,0.0,,0.1983674168586731,11.365615778914224,torque,3,11
0.024865087121725082,False,-17.187763655115834,0.3998789292607835,-0.1759191773048744,timeout,True,torque,3,4.994213294298766,True,0.0,,0.24471332132816315,14.021040502732502,torque,3,12
0.03294527903199196,False,-22.41968459981492,0.32498732543447495,-0.19431157801719648,timeout,True,torque,3,5.541000131131174,True,30.0,,0.5057655572891235,28.978231855748827,torque,3,13
0.11509492248296738,True,-14.196452001947906,0.3683097918001812,-0.19909931670870523,tilt,True,torque,3,4.7241867606924455,False,,,0.7959231734275818,45.60303865405951,torque,3,14
0.013426195830106735,False,-13.31241791849955,0.30074630902403904,0.06634805290604784,timeout,True,torque,3,4.174147719350325,True,0.0,,0.21082870662212372,12.07959508964952,torque,3,15
0.40368038415908813,True,-14.704791250443078,0.35937349645681277,0.026471458135648718,tilt,True,torque,3,5.740557570705925,False,,,0.5190372467041016,29.738643646235516,torque,3,16
0.01873468980193138,False,-17.36686792860738,0.3769593198861917,0.1846471173827255,timeout,True,torque,3,4.538677946138785,True,0.0,,0.3131778836250305,17.943770968553505,torque,3,17
0.0195149052888155,False,-13.112199879446996,0.2425788150138284,0.13388740653959008,timeout,True,torque,3,5.861370499582662,True,0.0,,0.347050279378891,19.88451628724656,torque,3,18
0.021092824637889862,False,-20.03393357499502,0.38969454194005704,0.06861703522857526,timeout,True,torque,3,5.262533312636602,True,23.0,,0.37100785970687866,21.2571845273859,torque,3,19
0.02142607979476452,False,-11.179066706262539,0.24477448461573675,-0.2362492597258004,timeout,True,torque,3,5.002337920940636,True,0.0,,0.20403987169265747,11.69062350038011,torque,3,20
0.022809341549873352,False,-17.93323162265122,0.33160088975624635,0.23039298500225946,timeout,True,torque,3,5.026569623595982,True,0.0,,0.28739944100379944,16.466775003936803,torque,3,21
0.03566813841462135,False,-16.75906685997265,0.41802653144779667,-0.028119063273688905,timeout,True,torque,3,5.654416231335576,True,0.0,,0.2673277258872986,15.316750440172369,torque,3,22
0.1100899949669838,True,-9.08393262248486,0.28786409076119174,-0.1402046189049049,tilt,True,torque,3,5.863822127343976,False,,,0.7763702273368835,44.48273736601568,torque,3,23
0.16084852814674377,True,-7.787211165761109,0.24301059515976198,-0.2545229310205169,tilt,True,torque,3,5.189930605084644,False,,,0.6492843627929688,37.20125369187809,torque,3,24
0.07243074476718903,False,-18.992062834384853,0.166436542154941,-0.12174384064261132,timeout,True,torque,3,5.519482518384031,True,0.0,,0.4317607879638672,24.73807090957242,torque,3,25
0.011775560677051544,False,-19.57570459373294,0.3457735273596614,0.18009934528399651,timeout,True,torque,3,5.828127664818038,True,0.0,,0.311587929725647,17.852673320498457,torque,3,26
0.0874018445611,True,-9.35857836737297,0.27498581243593856,0.08491024129773395,tilt,True,torque,3,4.727596442026654,False,,,0.8364259600639343,47.92367738684138,torque,3,27
0.004584202077239752,False,-14.73135994106995,0.34276611968768794,0.0460402308086722,timeout,True,torque,3,4.750017801774316,True,0.0,,0.2251863181591034,12.902225634606793,torque,3,28
0.10453422367572784,True,-3.708766136057677,0.1612274156663105,0.16158125919792987,tilt,True,torque,3,5.403860789725441,False,,,0.6764838099479675,38.759667218948636,torque,3,29
0.08917872607707977,True,-11.924717683754853,0.34886439694059607,0.2262294408689982,tilt,True,torque,3,5.48661547485731,False,,,1.181464672088623,67.69293935448586,torque,3,30
0.11238932609558105,True,-10.64036683242768,0.36809025836827375,-0.2226525442807657,tilt,True,torque,3,4.57330636040889,False,,,0.626529335975647,35.89748669253854,torque,3,31
0.011074795387685299,False,-12.11831193195656,0.26057866250393474,0.1296036822754037,timeout,True,torque,3,4.0612466627064325,True,0.0,,0.21474210917949677,12.303816539722698,torque,3,32
0.020720286294817924,False,-13.637789115877826,0.18217276269761767,0.04800602449226654,timeout,True,torque,3,5.723566807550056,True,23.0,,0.37019574642181396,21.210653863665186,torque,3,33
0.4476882219314575,True,-9.93868531577289,0.19657415546112977,0.04037857950185375,tilt,True,torque,3,5.242869856878787,False,,,0.689327597618103,39.495562045409564,torque,3,34
0.07815317809581757,True,-9.23017369297333,0.30602590777152355,-0.18232735607100392,tilt,True,torque,3,5.753454423471354,False,,,1.0447814464569092,59.861567395554296,torque,3,35
0.034856826066970825,False,-8.849281189236784,0.09244928536171876,0.16323197245316207,timeout,True,torque,3,5.4458572668380665,True,0.0,,0.29892346262931824,17.127052806096522,torque,3,36
0.09344436228275299,True,-5.940294352564961,0.16091950325103352,-0.1595323022536898,tilt,True,torque,3,5.11087996442008,False,,,0.6582025289535522,37.712226973875914,torque,3,37
0.05817532166838646,True,-8.398171991650019,0.25607559181776973,-0.07775422224721265,tilt,True,torque,3,4.752510299656696,False,,,0.683045506477356,39.13562473652823,torque,3,38
0.10976631939411163,True,-10.160935503039502,0.26351060743858473,0.21050480976962038,tilt,True,torque,3,4.418654471344201,False,,,0.5826143622398376,33.381344040048816,torque,3,39
0.09633443504571915,True,-13.04923757022247,0.33392213300970264,0.04858065079287427,tilt,True,torque,4,6.378715640945489,False,,,0.5395580530166626,30.914399240150683,torque,4,0
0.08110026270151138,True,-3.5468821036070612,0.09125140348234648,-0.22066508547149258,tilt,True,torque,4,7.634028150149993,False,,,0.6440078616142273,36.8989324437404,torque,4,1
0.17106761038303375,True,-9.569607769465064,0.26303462719195303,-0.05179101933403146,tilt,True,torque,4,6.575216388115547,False,,,0.687078058719635,39.36667296067684,torque,4,2
0.010754107497632504,False,-15.421084822616539,0.3093544357221397,-0.11788745821189706,timeout,True,torque,4,7.524737126245944,True,0.0,,0.3128214180469513,17.923346995387874,torque,4,3
0.3721030652523041,True,-8.497791630728171,0.16945666326833686,-0.12427095970616897,tilt,True,torque,4,6.635589742503171,False,,,0.503363311290741,28.840593298689317,torque,4,4
0.1424756646156311,True,-9.281518910601735,0.2597768547060846,0.10803820221972471,tilt,True,torque,4,7.51151807142003,False,,,1.1698369979858398,67.0267227028428,torque,4,5
0.05239487066864967,False,-25.168311544544984,0.35225940165912417,-0.19704682067174412,timeout,True,torque,4,8.088801667457547,True,33.0,,0.4418066740036011,25.313657781118568,torque,4,6
0.06552186608314514,False,-18.03224322339521,0.2888091491365935,-0.1738755660116828,timeout,True,torque,4,8.484815047931422,True,0.0,,0.4063504636287689,23.28216656911272,torque,4,7
0.04714811593294144,False,-15.25991428736596,0.30531037335881545,-0.16977959997160347,timeout,True,torque,4,6.9528265666916775,True,0.0,,0.32942116260528564,18.874442299575687,torque,4,8
0.02561674825847149,False,-14.118450335301453,0.25394231553014546,0.029408138219348956,timeout,True,torque,4,6.047133726160258,True,0.0,,0.3517003655433655,20.150946598843124,torque,4,9
0.06147804483771324,True,-9.751180504588406,0.3140288128400198,0.003767218452943477,tilt,True,torque,4,6.870343265351472,False,,,1.0668143033981323,61.1239571089019,torque,4,10
0.019795773550868034,False,-16.48308665575459,0.32286762517723,-0.17440167706552753,timeout,True,torque,4,6.71425269433961,True,0.0,,0.2992759943008423,17.14725138301954,torque,4,11
0.06955386698246002,False,-13.04996970703826,0.15879481547760602,0.11732246686274606,timeout,True,torque,4,8.994339994347383,True,0.0,,0.34214261174201965,19.60332764440089,torque,4,12
0.10371895134449005,True,-13.214634843412783,0.31715586591346223,0.1556139727716913,tilt,True,torque,4,8.261484672912617,False,,,1.2598265409469604,72.18274371482623,torque,4,13
0.15385404229164124,True,-7.819887628778815,0.25783489502434936,0.243522449691073,tilt,True,torque,4,7.421810323026607,False,,,0.8550989627838135,48.99356163352677,torque,4,14
0.12573091685771942,True,-10.072953330986202,0.2969600048924231,-0.04176201080130035,tilt,True,torque,4,6.615198334476553,False,,,0.8960203528404236,51.338184575579135,torque,4,15
0.09647051244974136,True,-11.447239735033374,0.31634886832638515,-0.012424068459042648,tilt,True,torque,4,6.936398508614058,False,,,0.9030964374542236,51.74361435942734,torque,4,16
0.04521545395255089,False,-13.928219773266475,0.28541295797603405,0.1465001051493835,timeout,True,torque,4,6.3795524440851645,True,0.0,,0.3311503827571869,18.9735193161286,torque,4,17
0.013669204898178577,False,-15.076764108713252,0.3374632416671719,-0.19593418122970066,timeout,True,torque,4,8.484729979810018,True,0.0,,0.22417691349983215,12.844391007809712,torque,4,18
0.10682385414838791,True,-14.954279393926244,0.42875986188318305,0.20925056874825343,tilt,True,torque,4,6.251775356188247,False,,,0.6739285588264465,38.61326211408941,torque,4,19
0.09964783489704132,True,-14.142165428884333,0.36887136786756664,-0.004545992105363772,tilt,True,torque,4,6.169957376196154,False,,,0.6181062459945679,35.41487918616379,torque,4,20
0.10797399282455444,True,-7.214837197624151,0.2805983831715178,0.08713882956840008,tilt,True,torque,4,6.261658833775886,False,,,0.61686772108078,35.343916935781934,torque,4,21
0.12440461665391922,True,-8.67640257608146,0.21246671066664982,0.1700948090544231,tilt,True,torque,4,7.471729859763811,False,,,1.2823128700256348,73.47111546777656,torque,4,22
0.08258543908596039,True,-8.651913749314843,0.25273965677713245,-0.14332249998175894,tilt,True,torque,4,8.620893614863931,False,,,0.8704304099082947,49.87198884758752,torque,4,23
0.08454614132642746,True,-4.31000402363017,0.05047811416563923,-0.21731536455553435,tilt,True,torque,4,8.8066941856774,False,,,0.570830762386322,32.706193500971395,torque,4,24
0.04813928157091141,False,-14.865914904931552,0.20383622081898015,-0.19354385816503794,timeout,True,torque,4,8.434663188231708,True,0.0,,0.3455410599708557,19.798044384806904,torque,4,25
0.008664758875966072,False,-17.302891066763536,0.34081370278519296,0.11736291789387931,timeout,True,torque,4,8.095962134028596,True,0.0,,0.32064157724380493,18.371409112488003,torque,4,26
0.10430900752544403,True,-13.40270729257725,0.4289308121996784,-0.2542843458170893,tilt,True,torque,4,8.98042313834836,False,,,1.1259909868240356,64.51453131478793,torque,4,27
0.11977296322584152,True,-3.6478159096464524,0.08495099802399801,0.05823336479614277,tilt,True,torque,4,7.636242701195716,False,,,0.787380576133728,45.11358388304181,torque,4,28
0.08878375589847565,True,-16.06037965126336,0.43568189751571307,-0.2401390047584311,tilt,True,torque,4,8.822242593249673,False,,,0.896741509437561,51.37950380496313,torque,4,29
0.09249905496835709,True,-11.93168169228359,0.35687733371768804,0.19279616960929596,tilt,True,torque,4,6.703433904479998,False,,,0.7951870560646057,45.56086223593468,torque,4,30
0.050787750631570816,True,-13.084703715667128,0.3909217577677983,0.24768564080745542,tilt,True,torque,4,6.799207220947691,False,,,0.7554644346237183,43.28492367617596,torque,4,31
0.012099083513021469,False,-19.926649972740552,0.3145010108936127,-0.2516694666100449,timeout,True,torque,4,6.413675252780444,True,20.0,,0.436947226524353,25.035231949792166,torque,4,32
0.09127592295408249,True,-5.985074843876063,0.20146792904459382,-0.053521051076772796,tilt,True,torque,4,7.71203241701889,False,,,1.0751121044158936,61.59938608645898,torque,4,33
0.059571586549282074,False,-10.915641825613559,0.18499710253607707,0.08643263135445667,timeout,True,torque,4,7.770725776998323,True,0.0,,0.3061281442642212,17.539850656511874,torque,4,34
0.10573672503232956,True,-10.703510266356165,0.33253546666806993,0.1424981192895829,tilt,True,torque,4,8.383742148220815,False,,,0.8996843695640564,51.548117269908644,torque,4,35
0.0212878230959177,False,-10.38908546216786,0.047067522636936907,0.10032545057337172,timeout,True,torque,4,7.221253804841063,True,0.0,,0.3544822037220001,20.31033418576725,torque,4,36
0.04287905991077423,False,-20.665953166401025,0.19981206176492106,-0.2276243633592506,timeout,True,torque,4,8.099253062618516,True,37.0,,0.4147428870201111,23.763017009323498,torque,4,37
0.23523877561092377,True,-11.682718612905592,0.35034972654699,0.0003648275521719313,tilt,True,torque,4,8.982900083565355,False,,,1.0173449516296387,58.289572037319175,torque,4,38
0.12914125621318817,True,-10.794206882771107,0.3245805022670653,0.026911263733530866,tilt,True,torque,4,6.88535538524166,False,,,0.7749274373054504,44.400071586491016,torque,4,39
0.05556902661919594,False,-19.130250515169458,0.3917884245403244,-0.027113987650192267,timeout,True,torque,5,11.815472163046358,True,0.0,,0.2633550465106964,15.089132678534401,torque,5,0
0.032578688114881516,False,-13.311447339393183,0.2257854128607956,0.25693723677166286,timeout,True,torque,5,9.731155677827552,True,0.0,,0.3502235412597656,20.06633080031042,torque,5,1
0.17759016156196594,True,-12.705193128101529,0.355657185824593,0.06381482903246755,tilt,True,torque,5,10.575637285043154,False,,,2.0089619159698486,115.10503898758786,torque,5,2
0.12776385247707367,True,-10.220708751715712,0.2565198375698199,0.07463310671810697,tilt,True,torque,5,11.946539405587318,False,,,1.996387004852295,114.3845496527999,torque,5,3
0.048803746700286865,False,-22.368451648196206,0.365744507946518,-0.16586207027103364,timeout,True,torque,5,12.131122853755912,True,0.0,,0.42411085963249207,24.29976230260707,torque,5,4
0.07564928382635117,True,-9.25037765828892,0.32629070685273137,-0.19666778436346122,tilt,True,torque,5,11.378569935910095,False,,,2.322219133377075,133.05335544703402,torque,5,5
0.49852821230888367,True,-12.958815098702901,0.2846752179925798,-0.1806246035955438,tilt,True,torque,5,11.711029876494255,False,,,0.6857820749282837,39.29241855911504,torque,5,6
0.11824885755777359,True,-9.845167881026864,0.31371645869756803,0.09465446444731684,tilt,True,torque,5,10.887111889860467,False,,,0.9363633394241333,53.649667439778604,torque,5,7
0.11324193328619003,True,-14.633752220962187,0.35185656252291003,0.1930251555321743,tilt,True,torque,5,10.973149601811272,False,,,0.9227964878082275,52.872344100906965,torque,5,8
0.16861918568611145,True,-9.060987063236542,0.30688782708803286,0.2596597938176321,tilt,True,torque,5,11.320847856011149,False,,,2.78895902633667,159.7955814440066,torque,5,9
0.15426155924797058,True,-14.812388505525885,0.38927306197896955,0.1105344609653825,tilt,True,torque,5,9.69193801754053,False,,,0.7505618929862976,43.004028731464594,torque,5,10
0.13623353838920593,True,-16.544314528442914,0.4255483574987151,0.044220024102142985,tilt,True,torque,5,9.408310498415867,False,,,0.7158104777336121,41.01291930537916,torque,5,11
0.1338973492383957,True,-10.182593476288025,0.2760478165848294,-0.14299712950641974,tilt,True,torque,5,9.418333140046208,False,,,0.8528700470924377,48.86585417152045,torque,5,12
0.136078879237175,True,-12.452998813008884,0.3403055500358353,-0.15701823634222284,tilt,True,torque,5,11.073645014452282,False,,,2.564682722091675,146.94549576597637,torque,5,13
0.0743657723069191,True,-14.162108764196743,0.36831885206741954,-0.23782706164712025,tilt,True,torque,5,11.820754947683039,False,,,1.655754804611206,94.86776221273037,torque,5,14
0.09529988467693329,True,-7.4752905800193545,0.24022789678207324,0.013575219555053641,tilt,True,torque,5,9.439483623300806,False,,,0.7608597278594971,43.594051207821565,torque,5,15
0.10705699026584625,True,-13.074575872607529,0.3731443814929997,0.08636815101398188,tilt,True,torque,5,12.614906010605857,False,,,2.4740805625915527,141.75437441184826,torque,5,16
0.16087178885936737,True,-16.117624492179594,0.4183760069203348,-0.10721733988864499,tilt,True,torque,5,10.059860060434644,False,,,1.3892205953598022,79.59647692676819,torque,5,17
0.11815760284662247,True,-13.596541236788026,0.35569025337794724,0.1223546566024864,tilt,True,torque,5,9.840900771711357,False,,,1.3162648677825928,75.4164216452879,torque,5,18
0.07580137997865677,False,-17.944107627286563,0.12919272406975005,-0.19183880398417436,timeout,True,torque,5,12.946947853486776,True,0.0,,0.4447430372238159,25.48189900075432,torque,5,19
0.10405707359313965,True,-7.781912493817507,0.23424063697712696,-0.189252701356182,tilt,True,torque,5,10.436579155209316,False,,,2.4589927196502686,140.88990468935643,torque,5,20
0.2013605684041977,True,-12.441711454801263,0.3663906464222051,-0.22650930439917347,tilt,True,torque,5,11.918226383648136,False,,,1.9036563634872437,109.07147527104121,torque,5,21
0.1214943453669548,True,-7.261223981380462,0.22949979919443936,0.23320154333801518,tilt,True,torque,5,12.039114347355964,False,,,2.9015297889709473,166.24541103951967,torque,5,22
0.14906485378742218,True,-9.916724764304227,0.2897000515893813,-0.24331612539212916,tilt,True,torque,5,11.166713616288067,False,,,3.0384304523468018,174.08924126349734,torque,5,23
0.13363531231880188,True,-9.80888929959387,0.3192667065447937,0.07123607649133712,tilt,True,torque,5,12.580006651129718,False,,,2.396782875061035,137.3255431502286,torque,5,24
0.09218474477529526,True,-9.033137381346894,0.21491426917292153,0.06680182751084845,tilt,True,torque,5,9.69617116178678,False,,,0.5641068816184998,32.320943511025995,torque,5,25
0.14828738570213318,True,-6.4517927974648765,0.19968544270353478,-0.08495897753247655,tilt,True,torque,5,10.874441026512766,False,,,1.5057611465454102,86.27375865183186,torque,5,26
0.12563979625701904,True,-4.535722392853349,0.1781113411587045,0.11256526440880088,tilt,True,torque,5,11.802033913315348,False,,,1.8733800649642944,107.33677114639805,torque,5,27
0.06582250446081161,True,-13.850314945653084,0.37899792322861997,-0.1282772349614291,tilt,True,torque,5,10.904628796147527,False,,,2.440788507461548,139.84688016158213,torque,5,28
0.14379194378852844,True,-14.298348646685469,0.3718986382098874,-0.14655896371943852,tilt,True,torque,5,11.091898606235322,False,,,1.8642154932022095,106.8116798633858,torque,5,29
0.1003381758928299,False,-27.607346838405316,0.2877192031945819,-0.03752238841917674,timeout,True,torque,5,12.142186949343483,True,0.0,,0.41829749941825867,23.96668129754223,torque,5,30
0.12474627047777176,True,-14.997274707071481,0.3932231720862671,0.20682296466474553,tilt,True,torque,5,10.294752334024105,False,,,1.4217822551727295,81.46212260798966,torque,5,31
0.13603881001472473,True,-7.012716651512308,0.17821776814135667,-0.12375802298340494,tilt,True,torque,5,11.554737449566653,False,,,2.896713972091675,165.9694850574295,torque,5,32
0.10909565538167953,True,-3.712393079549074,0.15101282052382153,0.11896312215153865,tilt,True,torque,5,12.782088119651975,False,,,1.1895405054092407,68.15565051980836,torque,5,33
0.12762336432933807,True,-9.9008484164998,0.31327109412722437,0.025749214530925713,tilt,True,torque,5,11.519307500379623,False,,,1.7468887567520142,100.0893530407459,torque,5,34
0.07585681229829788,True,-13.553274998879056,0.3802847973082277,0.017022236339181096,tilt,True,torque,5,11.9944614236629,False,,,0.5890459418296814,33.74984640614934,torque,5,35
0.07572025805711746,True,-12.291465323548753,0.3586274378395159,-0.10058135924915745,tilt,True,torque,5,9.273264203997607,False,,,0.9741756319999695,55.81615221808788,torque,5,36
0.15208949148654938,False,-33.782973843216894,0.34037918703538217,-0.062141348516133676,timeout,True,torque,5,11.569983270999286,True,35.0,,0.46928420662879944,26.888004431975457,torque,5,37
0.17434477806091309,True,-8.825050130432938,0.27043518704648184,-0.029359494085997973,tilt,True,torque,5,11.499166848241224,False,,,1.6261956691741943,93.174148506134,torque,5,38
0.16160684823989868,True,-12.059162973472846,0.3202745246361715,-0.20616224146178,tilt,True,torque,5,9.239914060568658,False,,,3.139143705368042,179.8596856026476,torque,5,39
0.016852805390954018,False,-13.591952238623051,0.3273150695452832,0.047793146024954714,timeout,True,wind,1,0.025886571223938566,True,0.0,0.018170043639838696,0.2267228215932846,12.990260796592734,wind,1,0
0.022854087874293327,False,-11.115125486347816,0.26962508381285816,-0.015152675652676445,timeout,True,wind,1,0.020616109411020194,True,0.0,0.021706805059996743,0.21699044108390808,12.432636468790077,wind,1,1
0.020187189802527428,False,-8.83173975565937,0.15601648037391685,0.003968830626052966,timeout,True,wind,1,0.027418714054206223,True,0.0,0.017811781524990997,0.24608033895492554,14.099364843265976,wind,1,2
0.014865932054817677,False,-14.635176739227026,0.2997699530359139,0.17816011416787292,timeout,True,wind,1,0.024901349225071114,True,0.0,0.025355976882080238,0.2549498379230499,14.607549700535143,wind,1,3
0.029696594923734665,False,-8.393097878545529,0.08114815572230448,0.2104308930487463,timeout,True,wind,1,0.03428591091228085,True,0.0,0.031111924971143404,0.23681111633777618,13.568277507936111,wind,1,4
0.027921423316001892,False,-15.405246476884917,0.3823205761398531,-0.1487934414477911,timeout,True,wind,1,0.03398252781947621,True,0.0,0.01647453901047508,0.2152642160654068,12.333731060740062,wind,1,5
0.03184816986322403,False,-13.22001731354743,0.3256159399990727,-0.24352876422763908,timeout,True,wind,1,0.032892132373633615,True,0.0,0.016037976008374245,0.2164773941040039,12.403241042149634,wind,1,6
0.008802554570138454,False,-17.75316998869181,0.4017696007423688,-0.1912723835414775,timeout,True,wind,1,0.038026459165319104,True,0.0,0.021545522178833685,0.2443212866783142,13.998578571873269,wind,1,7
0.030236685648560524,False,-10.352288064537563,0.12536009574670492,0.2362031806792847,timeout,True,wind,1,0.02908408195190064,True,0.0,0.01736415532650426,0.31319859623908997,17.94495771392179,wind,1,8
0.017618535086512566,False,-16.162842962350688,0.40411789965515255,-0.012047820229616701,timeout,True,wind,1,0.03018764228401609,True,0.0,0.027975642471574247,0.25225502252578735,14.453148151705127,wind,1,9
0.014220822602510452,False,-13.112238440327332,0.2838637735156056,-0.2024049176428166,timeout,True,wind,1,0.02762496510187505,True,0.0,0.02457868174339334,0.28885790705680847,16.550338953337324,wind,1,10
0.01576700620353222,False,-8.70204169720411,0.2288223352848815,-0.16550313503168246,timeout,True,wind,1,0.039861780097440146,True,0.0,0.020318936036589245,0.23073714971542358,13.220264855571976,wind,1,11
0.02407955937087536,False,-9.799379648938775,0.22819957930513654,-0.04982836615634337,timeout,True,wind,1,0.028069117114956993,True,0.0,0.020750614046119154,0.18307532370090485,10.489443381053219,wind,1,12
0.0033145241905003786,False,-9.13875627285801,0.1585482679321529,-0.031340327949341884,timeout,True,wind,1,0.026769025975564204,True,0.0,0.028585482264558475,0.21686898171901703,12.425677359799481,wind,1,13
0.011910928413271904,False,-13.6775850836141,0.3266242547820988,-0.07199683096706005,timeout,True,wind,1,0.03379780881486661,True,0.0,0.03951222157726685,0.3419579863548279,19.59274938892383,wind,1,14
0.008561667986214161,False,-16.76095719022675,0.3980594583734991,0.07380219411267491,timeout,True,wind,1,0.02950300501304977,True,0.0,0.028155020608877143,0.21827030181884766,12.505967087266626,wind,1,15
0.032657038420438766,False,-17.151840593917278,0.3825315660530212,0.04884741326135694,timeout,True,wind,1,0.025779944049250506,True,0.0,0.024421982397325338,0.1908016800880432,10.932130993050194,wind,1,16
0.0049713063053786755,False,-8.854530860995878,0.20997842155736948,-0.20748633487963714,timeout,True,wind,1,0.038577714323856524,True,0.0,0.022379013694201907,0.29696333408355713,17.014745713121293,wind,1,17
0.014249308966100216,False,-15.746341964437152,0.3674651194993939,-0.0802523163522191,timeout,True,wind,1,0.02199999045005473,True,0.0,0.022474536136724056,0.19848744571208954,11.372492925634779,wind,1,18
0.017545299604535103,False,-10.140440147966146,0.23340368233383216,0.18360576530620626,timeout,True,wind,1,0.02929950429652575,True,0.0,0.02103322575179239,0.2083006054162979,11.934745560373766,wind,1,19
0.02925184741616249,False,-13.233258058754732,0.315294652053473,-0.13740937712825219,timeout,True,wind,1,0.03624112629059717,True,0.0,0.017533089647380016,0.22727780044078827,13.022058742273728,wind,1,20
0.03229733556509018,False,-13.246563959149647,0.30982127506288665,-0.21867429179494552,timeout,True,wind,1,0.03679263049037393,True,0.0,0.01985883299106111,0.2251656949520111,12.901044011880382,wind,1,21
0.02069106139242649,False,-10.861477825539188,0.2590317406183277,-0.015163770274732119,timeout,True,wind,1,0.03146117724087316,True,0.0,0.031037327833473682,0.3220175802707672,18.450248278530168,wind,1,22
0.010841306298971176,False,-14.979724705605769,0.40153612607242767,-0.010668339347744193,timeout,True,wind,1,0.028960152853604718,True,0.0,0.018837719682293634,0.1823747754096985,10.449304920621993,wind,1,23
0.023569773882627487,False,-13.446963146962231,0.34184736789041925,-0.13344077715170416,timeout,True,wind,1,0.025341630280984635,True,0.0,0.026173216407187283,0.23408696055412292,13.412194878796626,wind,1,24
0.004580614157021046,False,-16.36396304607391,0.30565416172985604,0.2539930048450438,timeout,True,wind,1,0.03016339627867557,True,0.0,0.02600170442213615,0.3224010467529297,18.472219289542807,wind,1,25
0.018962856382131577,False,-15.318726747902096,0.3177136583090193,-0.017528682856501776,timeout,True,wind,1,0.02543150277244104,True,0.0,0.02160515282691146,0.2859572470188141,16.38414337535799,wind,1,26
0.0365256741642952,False,-9.518489536782731,0.19654723342567768,0.19709608571616877,timeout,True,wind,1,0.023117278361519732,True,0.0,0.017319976064997415,0.2637971043586731,15.1144607275241,wind,1,27
0.01552012749016285,False,-14.881157921804107,0.32354217631917975,0.009342324099829102,timeout,True,wind,1,0.03771610159472711,True,0.0,0.03112172824330628,0.2507480978965759,14.366807730406995,wind,1,28
0.024538341909646988,False,-12.94729763356968,0.32285684442744333,-0.05952396473999039,timeout,True,wind,1,0.029993600321826158,True,0.0,0.01787415228318423,0.1868332177400589,10.704754849354115,wind,1,29
0.015074007213115692,False,-8.766217478383334,0.22112921379937947,-0.16206776854990884,timeout,True,wind,1,0.026180057000108253,True,0.0,0.016094921606903276,0.19975605607032776,11.44517894500841,wind,1,30
0.007055187132209539,False,-10.47768624607473,0.2508325990552001,-0.2503158936349769,timeout,True,wind,1,0.022119756687100686,True,0.0,0.0237418556973959,0.24542313814163208,14.061710010371696,wind,1,31
0.011982348747551441,False,-7.448445543143897,0.17013117335384143,0.22410103041756457,timeout,True,wind,1,0.035113156484273766,True,0.0,0.022495648932332794,0.21132132411003113,12.107819992620952,wind,1,32
0.04132906720042229,False,-13.11199314224533,0.33251043110288814,0.0719673089557164,timeout,True,wind,1,0.021390048883913073,True,0.0,0.022283420572057365,0.23995479941368103,13.748397280312163,wind,1,33
0.028154894709587097,False,-13.740542934667308,0.3258180225494876,-0.09474492022743378,timeout,True,wind,1,0.027527303598696793,True,0.0,0.034645895621118444,0.26546698808670044,15.21013801741764,wind,1,34
0.025134118273854256,False,-7.839399516484702,0.1839195689437248,-0.11520677162651269,timeout,True,wind,1,0.0278380057317528,True,0.0,0.0175854236256176,0.20362696051597595,11.666965432642478,wind,1,35
0.019661907106637955,False,-10.801815774999561,0.15793097739112202,0.1342819292137033,timeout,True,wind,1,0.030910819282171847,True,0.0,0.025380424006531635,0.3153263330459595,18.06686805287006,wind,1,36
0.03175392746925354,False,-5.298914110609328,0.09419301061895978,-0.21943902878126073,timeout,True,wind,1,0.029551481706923625,True,0.0,0.014687450594889621,0.18797698616981506,10.77028795311945,wind,1,37
0.007328517269343138,False,-13.536575699960807,0.3111960023679639,-0.011668603711361913,timeout,True,wind,1,0.03424701320869367,True,0.0,0.020462587871588767,0.17142972350120544,9.822199639713734,wind,1,38
0.00802871584892273,False,-14.084982568752022,0.3832669690718953,0.00973749948884145,timeout,True,wind,1,0.03562624970607062,True,0.0,0.022385400207713246,0.19424645602703094,11.129502115722406,wind,1,39
0.011229910887777805,False,-13.204801333558278,0.29534236397902486,0.048157679776983986,timeout,True,wind,2,0.06052220279482906,True,0.0,0.01686163858200113,0.1926809698343277,11.039806363994506,wind,2,0
0.0037677057553082705,False,-12.909576378287726,0.27687994087676054,-0.18072294043971737,timeout,True,wind,2,0.04007794060562069,True,0.0,0.02166052066410581,0.20778198540210724,11.905030822389627,wind,2,1
0.02995217591524124,False,-12.018642252143469,0.2395480197260108,0.15949298858754646,timeout,True,wind,2,0.04166010013330577,True,0.0,0.015357837379754831,0.3484148681163788,19.962701462675696,wind,2,2
0.025212697684764862,False,-13.56615429771134,0.3035442147883089,-0.259879997546846,timeout,True,wind,2,0.05827097645737182,True,0.0,0.02406365843101715,0.19755712151527405,11.319189275578355,wind,2,3
0.021853655576705933,False,-8.270089593529702,0.16888163641660306,-0.15443865659164624,timeout,True,wind,2,0.05639248868757073,True,0.0,0.02618919707213839,0.22657562792301178,12.981827220515061,wind,2,4
0.006692442111670971,False,-8.872445586789395,0.1887013193840908,-0.24576712227420217,timeout,True,wind,2,0.04827739850902047,True,0.0,0.017825295147486032,0.17940911650657654,10.279385181997707,wind,2,5
0.022356437519192696,False,-14.06777201013639,0.3230429054363018,0.23939105421246082,timeout,True,wind,2,0.04142204350782745,True,0.0,0.026076991956991456,0.20875178277492523,11.960596118834973,wind,2,6
0.01852114498615265,False,-17.890971989519898,0.40395036699782516,-0.07093711055818003,timeout,True,wind,2,0.0481273270575375,True,0.0,0.02268583852952967,0.21897022426128387,12.54606968920471,wind,2,7
0.02385825663805008,False,-9.391135810920966,0.16077475553056217,-0.2028160435362245,timeout,True,wind,2,0.06878829647134625,True,0.0,0.020726571775351962,0.2692282795906067,15.425644146109882,wind,2,8
0.0175866037607193,False,-14.985055734254411,0.34594595606341555,-0.12706448824559508,timeout,True,wind,2,0.05185284486521384,True,0.0,0.024903364262233177,0.22137190401554108,12.683675802865665,wind,2,9
0.016588615253567696,False,-13.565482508316622,0.3288287611318099,0.03581450247246504,timeout,True,wind,2,0.050387654070543596,True,0.0,0.027969666523858905,0.23328235745429993,13.366094516993625,wind,2,10
0.01623808965086937,False,-11.614085528226566,0.21445359854714913,0.2263128174833513,timeout,True,wind,2,0.04187749278937316,True,0.0,0.02272328323063751,0.2992795407772064,17.14745458114735,wind,2,11
0.013268931768834591,False,-9.400076251076529,0.1662424174810661,0.2486568967801161,timeout,True,wind,2,0.042916858361162234,True,0.0,0.03131485077707718,0.2254153937101364,12.91535069687062,wind,2,12
0.016069196164608,False,-14.80056136341764,0.31851393528920413,0.06764787172207559,timeout,True,wind,2,0.04515774168866949,True,0.0,0.03837706356619795,0.2701912224292755,15.480816706677953,wind,2,13
0.02798375114798546,False,-9.873484906335365,0.23870119723436445,-0.11289988831909747,timeout,True,wind,2,0.042376110329682685,True,0.0,0.018589758694482348,0.22236408293247223,12.74052346732768,wind,2,14
0.0034050694666802883,False,-10.816971359997991,0.2180545271909098,0.22050789025026246,timeout,True,wind,2,0.06967942689100766,True,0.0,0.025571432585517567,0.24306070804595947,13.926352736494968,wind,2,15
0.01550699770450592,False,-18.455776283992442,0.4115828787197749,0.1869397363208663,timeout,True,wind,2,0.06925332409627583,True,0.0,0.03003491275012493,0.22075335681438446,12.648235658809762,wind,2,16
0.03221529349684715,False,-13.266084521925068,0.28720930156832747,-0.0539496020788075,timeout,True,wind,2,0.04049234752675849,True,0.0,0.01852537689264864,0.28638961911201477,16.408916471477625,wind,2,17
0.021339204162359238,False,-10.777588349413135,0.11848655859202462,0.012516576335129426,timeout,True,wind,2,0.05334576183168585,True,0.0,0.04296429728468259,0.3259729743003845,18.67687566273848,wind,2,18
0.02620256133377552,False,-14.775030914768578,0.3320114415207581,0.16879483347595442,timeout,True,wind,2,0.06426666905895467,True,0.0,0.022075703150282303,0.18049323558807373,10.341500629857096,wind,2,19
0.015469448640942574,False,-13.911267050048332,0.35384895072789263,0.0007466833066855916,timeout,True,wind,2,0.060844061056121,True,0.0,0.02641486350912601,0.2966819703578949,16.99862475913277,wind,2,20
0.052265845239162445,False,-14.021672621415913,0.2989081459899118,-0.013511577898723676,timeout,True,wind,2,0.06949822203316992,True,0.0,0.021900645414522538,0.23883725702762604,13.684366818164232,wind,2,21
0.056667719036340714,False,-12.102124121226364,0.21643412458228337,-0.19044291675120778,timeout,True,wind,2,0.04572690543223964,True,0.0,0.01931292169416944,0.35761645436286926,20.489913519425222,wind,2,22
0.010024918243288994,False,-9.71084814266302,0.20185883473826882,0.19903170804507703,timeout,True,wind,2,0.04632049214623465,True,0.0,0.02194564147697141,0.26626062393188477,15.255610001817,wind,2,23
0.022316329181194305,False,-11.01438594784587,0.23756214452574606,-0.22791931088235123,timeout,True,wind,2,0.042379520959470604,True,0.0,0.03425701352146764,0.22061285376548767,12.640185427099254,wind,2,24
0.02321750670671463,False,-9.702105458555746,0.2601487271440809,-0.09987551799053396,timeout,True,wind,2,0.059879026090565966,True,0.0,0.016238055525658032,0.22624105215072632,12.962657440835775,wind,2,25
0.023165589198470116,False,-13.011341908406457,0.30825675190620183,-0.22660497887639927,timeout,True,wind,2,0.04545668115535855,True,0.0,0.02182094249098251,0.2056400179862976,11.78230512960919,wind,2,26
0.01917717605829239,False,-16.303169407453364,0.34886336606834895,-0.22312074731187265,timeout,True,wind,2,0.05569929770678976,True,0.0,0.0225922804325819,0.24346965551376343,13.949783700442698,wind,2,27
0.016439933329820633,False,-12.927805591216307,0.27521821874692476,0.14027492791268814,timeout,True,wind,2,0.06048869355380951,True,0.0,0.025471772152620056,0.23399372398853302,13.40685281709203,wind,2,28
0.015160723589360714,False,-11.682839466100548,0.2923482317393616,0.05110271091323132,timeout,True,wind,2,0.04641755983030086,True,0.0,0.02133739423006773,0.20872262120246887,11.958925283809258,wind,2,29
0.02657589316368103,False,-14.27458673605694,0.2765623933015619,-0.07792632917545239,timeout,True,wind,2,0.048439110988343026,True,0.0,0.02431815119149784,0.3121618330478668,17.88555555871019,wind,2,30
0.037328869104385376,False,-11.523995100785976,0.288299992399114,0.09604094197964474,timeout,True,wind,2,0.046093937709783886,True,0.0,0.02310828377182285,0.23319637775421143,13.361168243054752,wind,2,31
0.02830783650279045,False,-17.154379470124837,0.37807656146351204,-0.09357639043911911,timeout,True,wind,2,0.06394353328878799,True,0.0,0.042477011843584475,0.2952679395675659,16.917606762745372,wind,2,32
0.026015929877758026,False,-11.546780735757205,0.28866829657923315,0.19950338665349265,timeout,True,wind,2,0.046026688019870005,True,0.0,0.02242823683579142,0.22245487570762634,12.745725510154292,wind,2,33
0.042204350233078,False,-11.89580994127318,0.2555175315539471,-0.10462372364034384,timeout,True,wind,2,0.04539661439112353,True,0.0,0.0153327160825332,0.16567957401275635,9.492740342456292,wind,2,34
0.006999459117650986,False,-13.018307353164998,0.3206977676791342,-0.19122758784529204,timeout,True,wind,2,0.06683644260194609,True,0.0,0.027277585677802564,0.21757441759109497,12.466095857986677,wind,2,35
0.016571365296840668,False,-15.191904613636424,0.3000914458721232,-0.014956460052373416,timeout,True,wind,2,0.06325103837833279,True,0.0,0.03528486631112173,0.26374006271362305,15.11119248200625,wind,2,36
0.01415736973285675,False,-9.717331233965238,0.16853726476258635,0.20397811808267907,timeout,True,wind,2,0.04831407666906126,True,0.0,0.017256420090173683,0.3005225360393524,17.21867296362307,wind,2,37
0.015460827387869358,False,-13.721643513645976,0.30062051980328824,0.22880117634926028,timeout,True,wind,2,0.06293590635773406,True,0.0,0.027129942427078883,0.21554432809352875,12.3497802977423,wind,2,38
0.024101678282022476,False,-10.877888723267233,0.2719540012825246,-0.15190980467239723,timeout,True,wind,2,0.041147686352354176,True,0.0,0.014831349024704347,0.1630716323852539,9.343316293983923,wind,2,39
0.04494662582874298,False,-11.744596599387004,0.21034119516029534,0.22351027020463726,timeout,True,wind,3,0.09653156359686199,True,0.0,0.03365434944086398,0.3201158940792084,18.341289685795537,wind,3,0
0.04234970733523369,False,-9.525767819629973,0.13259250745100037,0.2552138291505635,timeout,True,wind,3,0.08985401259718093,True,0.0,0.036487730049217744,0.29590871930122375,16.954320737081485,wind,3,1
0.012998010031878948,False,-14.842437341883779,0.27133416846716724,-0.04252382256336043,timeout,True,wind,3,0.07389144986996736,True,0.0,0.03792095245638241,0.36164456605911255,20.720707319027248,wind,3,2
0.021253498271107674,False,-13.910385216297577,0.3085849099158849,0.12343812987704483,timeout,True,wind,3,0.08466014312289499,True,0.0,0.025108130489631245,0.18937177956104279,10.850203727729538,wind,3,3
0.025029059499502182,False,-12.598772167321298,0.2998411676996261,-0.154380764166313,timeout,True,wind,3,0.09669524916593128,True,0.0,0.027703718825553853,0.2063359022140503,11.82217635888914,wind,3,4
0.02282251976430416,False,-9.475699104527006,0.24307695858543962,-0.12058440808127135,timeout,True,wind,3,0.07474955245817445,True,0.0,0.022124938837563,0.2071966975927353,11.871496301112156,wind,3,5
0.036756981164216995,False,-18.1707825371623,0.36641550137195517,0.08631558335829936,timeout,True,wind,3,0.08906291245660497,True,0.0,0.04984640668456753,0.35355114936828613,20.256988700802157,wind,3,6
0.0075089409947395325,False,-14.746374571789048,0.3345779163563662,-0.15013965577266097,timeout,True,wind,3,0.08180873032276309,True,0.0,0.022455072682350873,0.3230157792568207,18.507440867545267,wind,3,7
0.01513715274631977,False,-13.246775108762087,0.27754899905539854,0.06445384674104665,timeout,True,wind,3,0.082997895565539,True,0.0,0.023395245731808244,0.24408799409866333,13.985211891667554,wind,3,8
0.018635431304574013,False,-10.921109464485188,0.24197874637974146,-0.24209810305824514,timeout,True,wind,3,0.09395845543498041,True,0.0,0.02221488831564784,0.32759419083595276,18.769764527903362,wind,3,9
0.022325122728943825,False,-9.081002126596863,0.18681073631184275,-0.03800485152619837,timeout,True,wind,3,0.09616598857019339,True,0.0,0.02890943855357667,0.17756786942481995,10.173889495172276,wind,3,10
0.026510899886488914,False,-8.703711211141202,0.1450067459927869,0.08522265170376353,timeout,True,wind,3,0.07676724353311297,True,0.0,0.026111773991336424,0.28766384720802307,16.48192436351589,wind,3,11
0.012016315944492817,False,-16.790028155874452,0.40611673362812617,0.06333858478263044,timeout,True,wind,3,0.08145215612129542,True,0.0,0.027858163338775437,0.24186201393604279,13.857672623069552,wind,3,12
0.012614337727427483,False,-15.708496090844273,0.3543995558798878,0.1942641592162408,timeout,True,wind,3,0.08741112980871626,True,0.0,0.023230926149214307,0.2904092073440552,16.639221912553992,wind,3,13
0.017358899116516113,False,-11.931890503838655,0.2831403173679518,-0.0920365124341011,timeout,True,wind,3,0.080181570304413,True,0.0,0.02393167793440322,0.1829906702041626,10.484593092968863,wind,3,14
0.014660337008535862,False,-14.77243821104057,0.3245982698706979,0.24548580336101872,timeout,True,wind,3,0.08722919703704063,True,0.0,0.02512647930222253,0.23409314453601837,13.412549194859821,wind,3,15
0.0237728264182806,False,-9.4922440759372,0.2214147687710831,-0.1111893256687412,timeout,True,wind,3,0.07150323595786609,True,0.0,0.02124140427913517,0.19383321702480316,11.105825264964556,wind,3,16
0.007668948266655207,False,-14.704548612181092,0.31265782967774697,-0.1683726584774327,timeout,True,wind,3,0.08891487546373208,True,0.0,0.029186139395460487,0.23144462704658508,13.260800320748709,wind,3,17
0.007588292006403208,False,-16.67779646971727,0.3860354209022571,0.23629417056355245,timeout,True,wind,3,0.08310626520621421,True,0.0,0.03563353285814325,0.2287016063928604,13.103636814173068,wind,3,18
0.008285325951874256,False,-14.953328443905342,0.34361408628390594,-0.002040959773054074,timeout,True,wind,3,0.09106144232511441,True,0.0,0.04690150984097272,0.3199934661388397,18.334275081517934,wind,3,19
0.018509646877646446,False,-16.52899635388516,0.3910534344129598,-0.24475689212138724,timeout,True,wind,3,0.08566044790014063,True,0.0,0.037659910530783235,0.17123904824256897,9.811274752136299,wind,3,20
0.007666945923119783,False,-8.016795803112906,0.18588722284535839,-0.08393014821581848,timeout,True,wind,3,0.08467339566908548,True,0.0,0.019556585683797797,0.17240826785564423,9.87826610128943,wind,3,21
0.035293444991111755,False,-16.216486413273962,0.358286332910666,0.04229011668110122,timeout,True,wind,3,0.09303884752434226,True,0.0,0.021876898113017282,0.2292724996805191,13.13634659010826,wind,3,22
0.019962582737207413,False,-14.635668923477644,0.32787922125878816,0.10469839211633303,timeout,True,wind,3,0.08849565120885022,True,0.0,0.028917891004433236,0.20906947553157806,11.978798572973057,wind,3,23
0.016780244186520576,False,-11.755891867289316,0.3105938107751016,-0.21023684945708118,timeout,True,wind,3,0.07981665943754046,True,0.0,0.02028913122291366,0.18013456463813782,10.32095029819182,wind,3,24
0.006517480593174696,False,-10.198159391698422,0.2576457836215552,-0.1810813631149061,timeout,True,wind,3,0.07241593633807085,True,0.0,0.021516210508222382,0.2861679494380951,16.396215734715987,wind,3,25
0.019077930599451065,False,-16.879247856959687,0.3981979551697085,-0.11609468704397202,timeout,True,wind,3,0.095532652320366,True,0.0,0.026655466994270682,0.28842708468437195,16.5256546496769,wind,3,26
0.029626911506056786,False,-12.52755341172218,0.3126145355372021,0.2549892395090165,timeout,True,wind,3,0.08056938759526988,True,0.0,0.020153976736279826,0.2011583000421524,11.525521606441623,wind,3,27
0.013026486150920391,False,-14.997307443367323,0.3458498098749679,-0.2137533084838755,timeout,True,wind,3,0.07051702953410836,True,0.0,0.020372150038989883,0.23347638547420502,13.377211503641467,wind,3,28
0.006541040726006031,False,-9.42816331328823,0.20102938975642676,0.1901954874767653,timeout,True,wind,3,0.07705557393618101,True,0.0,0.021568643503511946,0.1820646971464157,10.431538744817143,wind,3,29
0.0031805390026420355,False,-19.482200941909113,0.41997964671230886,0.18210374526417977,timeout,True,wind,3,0.09391284005214871,True,0.0,0.04146126783452928,0.3996594250202179,22.898798296283662,wind,3,30
0.03512806445360184,False,-11.668879174068557,0.26525019254402216,-0.1396298561461799,timeout,True,wind,3,0.0786633704694927,True,0.0,0.02911457869534691,0.3418479859828949,19.586446831867203,wind,3,31
0.010380158200860023,False,-11.305430426998063,0.2967920261071538,-0.18869740941720922,timeout,True,wind,3,0.08889990414797541,True,0.0,0.030460691607246796,0.1942300945520401,11.128564672258822,wind,3,32
0.03579564020037651,False,-12.985348976338274,0.2995595802913912,0.21216091323438568,timeout,True,wind,3,0.07726027743106281,True,0.0,0.032382799141729875,0.26527148485183716,15.19893650717882,wind,3,33
0.01625216379761696,False,-8.349515807586725,0.1791324874983764,-0.14945956015955697,timeout,True,wind,3,0.09460234700924822,True,0.0,0.025411951914429666,0.21690939366817474,12.427992793928116,wind,3,34
0.028006605803966522,False,-12.354150010738525,0.27810702907980245,-0.024558648222291812,timeout,True,wind,3,0.09240239346992496,True,0.0,0.02251393139983217,0.3248000144958496,18.60967001640014,wind,3,35
0.005897725000977516,False,-11.153199111032315,0.28070119540645827,0.033298545667411306,timeout,True,wind,3,0.09215287804675419,True,0.0,0.02853669081814587,0.282175213098526,16.167448793750165,wind,3,36
0.017112059518694878,False,-18.552638055235153,0.3515481949161946,0.050828772327848826,timeout,True,wind,3,0.08406495108629725,True,0.0,0.04410670305757473,0.30926865339279175,17.719788575101276,wind,3,37
0.015301212668418884,False,-17.136965765738847,0.3924736277102039,0.16677652448542674,timeout,True,wind,3,0.07283104540751886,True,0.0,0.021245317300781608,0.2782556414604187,15.942873881387438,wind,3,38
0.006753641180694103,False,-10.623747707586737,0.24637740881460543,0.2560949233350625,timeout,True,wind,3,0.09588569452155173,True,0.0,0.02443914833323409,0.29513445496559143,16.90995865842225,wind,3,39
0.024128874763846397,False,-13.68380076850764,0.29745762140138593,0.18562376436465022,timeout,True,wind,4,0.13645570277710198,True,0.0,0.035386965291885036,0.2177252322435379,12.474736901060389,wind,4,0
0.0175362229347229,False,-16.14053614137694,0.3567328986002931,-0.15962235897203114,timeout,True,wind,4,0.135700868092246,True,0.0,0.03557354190076391,0.23137304186820984,13.256698792152116,wind,4,1
0.02390771359205246,False,-18.33482822271063,0.2726257580630038,0.07882364199857406,timeout,True,wind,4,0.12464480691700167,True,0.0,0.06912630181759596,0.42509597539901733,24.356205278360765,wind,4,2
0.011313903145492077,False,-18.204706156719467,0.3913031993714457,0.20376737974821396,timeout,True,wind,4,0.11694555049544984,True,0.0,0.02894953186623752,0.3370717763900757,19.312790180128765,wind,4,3
0.009758519008755684,False,-9.217361118411645,0.150786603004958,0.09354143989846209,timeout,True,wind,4,0.10362577598315349,True,0.0,0.024863037552374106,0.22587847709655762,12.94188342047518,wind,4,4
0.03485913574695587,False,-19.221579821901393,0.427269831490936,-0.1882632040699716,timeout,True,wind,4,0.12232089786977805,True,0.0,0.029281231900677086,0.20630596578121185,11.820461127633822,wind,4,5
0.021553348749876022,False,-15.918993905419482,0.39713439489992336,0.0726393517775879,timeout,True,wind,4,0.10274170605642526,True,0.0,0.021459665754809974,0.18088120222091675,10.363729480510903,wind,4,6
0.013306321576237679,False,-14.155772664435194,0.2877800141935784,0.018035419796775365,timeout,True,wind,4,0.10836189732202947,True,0.0,0.031965247339879474,0.23925447463989258,13.708271626485631,wind,4,7
0.02413875237107277,False,-10.198839667355639,0.2819524649445181,0.005157082283835324,timeout,True,wind,4,0.1042414545299751,True,0.0,0.022733123592721918,0.1670340597629547,9.57034665935327,wind,4,8
0.02241007797420025,False,-12.06508675940334,0.2806049801724465,0.06394631423419117,timeout,True,wind,4,0.13835592842634892,True,0.0,0.019172380468808113,0.16956618428230286,9.71542670751351,wind,4,9
0.01831429824233055,False,-17.580109299775213,0.41622166551386924,-0.22784003483203008,timeout,True,wind,4,0.12093665368504132,True,0.0,0.0303419206601878,0.2753518521785736,15.77649901094239,wind,4,10
0.011661396361887455,False,-17.630647929459812,0.3489174037107495,0.20454314070455215,timeout,True,wind,4,0.12501587678961326,True,0.0,0.06457192733262976,0.4086763262748718,23.41542868246155,wind,4,11
0.03088650479912758,False,-14.765797389503563,0.3314213620224312,0.18653601535076708,timeout,True,wind,4,0.12409549507762277,True,0.0,0.02566629395199319,0.1782108098268509,10.210727266687094,wind,4,12
0.01960248313844204,False,-17.177257081978023,0.4128191444392867,-0.17675691039117072,timeout,True,wind,4,0.10940121268359497,True,0.0,0.03139260803194096,0.2360464185476303,13.524463551957773,wind,4,13
0.012368498370051384,False,-11.208778140037326,0.2788154912840459,-0.19581391768885864,timeout,True,wind,4,0.12108187072339087,True,0.0,0.023935653051982322,0.2782330811023712,15.941581268087013,wind,4,14
0.0357518345117569,False,-13.200838875826445,0.29190404193707375,0.11871393791034268,timeout,True,wind,4,0.13338233686974466,True,0.0,0.025639378093183042,0.22844651341438293,13.089021063122887,wind,4,15
0.025579217821359634,False,-18.348992608939273,0.44818610874022397,-0.050995313058634556,timeout,True,wind,4,0.10631150620848463,True,0.0,0.025231341551989316,0.1664331555366516,9.535917383294526,wind,4,16
0.016343161463737488,False,-11.980728802569205,0.2868893734221613,-0.09297819867673102,timeout,True,wind,4,0.1026223441183763,True,0.0,0.027372332429513334,0.18045362830162048,10.339231299505359,wind,4,17
0.026113301515579224,False,-13.529258809387683,0.2748629909520122,0.2526412050909314,timeout,True,wind,4,0.11058166452950981,True,0.0,0.036897205848557255,0.2051938772201538,11.756743146640417,wind,4,18
0.018064966425299644,False,-12.512072983905675,0.23406839604604385,0.007748645626592998,timeout,True,wind,4,0.11972859351809577,True,0.0,0.026193923984343805,0.26247188448905945,15.038531222068363,wind,4,19
0.048990778625011444,False,-15.591239578267567,0.3525165149191828,0.08608532057777007,timeout,True,wind,4,0.12781012514907403,True,0.0,0.033655532146804036,0.24246695637702942,13.892333271786427,wind,4,20
0.006941208150237799,False,-13.50806770546363,0.24733187109919197,0.08721293894068832,timeout,True,wind,4,0.11558729350409865,True,0.0,0.029948793817311525,0.32561859488487244,18.656571217883325,wind,4,21
0.022004177793860435,False,-12.576583893410861,0.29344118239482975,-0.12086423046165046,timeout,True,wind,4,0.12230517869385724,True,0.0,0.027512151778986058,0.2730134129524231,15.642516312636127,wind,4,22
0.028749393299221992,False,-8.953416693871835,0.2112450654649583,-0.03347206689791943,timeout,True,wind,4,0.11662801174244185,True,0.0,0.027610059113552174,0.1656278669834137,9.489777747903798,wind,4,23
0.0261993370950222,False,-17.309135037679237,0.3771241345745068,-0.12077521479481423,timeout,True,wind,4,0.12561035003344959,True,0.0,0.01933082425966859,0.18323983252048492,10.498869042107836,wind,4,24
0.012663123197853565,False,-15.554151806337744,0.3733924661965029,0.24431776057765425,timeout,True,wind,4,0.10432881439480018,True,0.0,0.02806329671293497,0.2941349446773529,16.85269093732628,wind,4,25
0.01898973062634468,False,-9.941398063413803,0.21007957773921776,0.23346067375903473,timeout,True,wind,4,0.10820522423475619,True,0.0,0.0236385272971044,0.1945836842060089,11.148823867110726,wind,4,26
0.048262424767017365,False,-13.456530328807412,0.2660537675050435,0.1531720343837481,timeout,True,wind,4,0.10747915547940291,True,0.0,0.023996798034446935,0.22818297147750854,13.073921222415283,wind,4,27
0.04698501154780388,False,-16.744213954284792,0.37042478965156245,-0.030787685269221765,timeout,True,wind,4,0.1104250820319529,True,0.0,0.020083418387609225,0.21627633273601532,12.391721074340762,wind,4,28
0.014776361174881458,False,-9.518490939931946,0.23762022697610863,-0.024523545480302833,timeout,True,wind,4,0.10665513813205715,True,0.0,0.019600544318867225,0.21052008867263794,12.061912583662004,wind,4,29
0.007763526868075132,False,-14.602851223130704,0.3324278527131321,-0.005094039907475478,timeout,True,wind,4,0.11468265613290532,True,0.0,0.02312763671701153,0.19582964479923248,11.220212150542054,wind,4,30
0.020252680405974388,False,-13.233081982275467,0.27993619477329446,-0.21025564833715224,timeout,True,wind,4,0.10331683333002009,True,0.0,0.031089435688530405,0.23881256580352783,13.682952115232395,wind,4,31
0.03613652288913727,False,-20.5802222053334,0.47007675880597793,-0.0909174301592692,timeout,True,wind,4,0.12671795561758817,True,0.0,0.02537595354951918,0.21535834670066833,12.339124348863432,wind,4,32
0.01903040148317814,False,-16.11158376613632,0.3887804022063054,-0.19498885387614925,timeout,True,wind,4,0.12433448018736948,True,0.0,0.02662736930263539,0.2100531905889511,12.035161294004002,wind,4,33
0.046076059341430664,False,-16.35387755784205,0.39188598102925976,-0.06664893732091653,timeout,True,wind,4,0.10863933548235397,True,0.0,0.01940708956681192,0.18981865048408508,10.875807545606976,wind,4,34
0.009268643334507942,False,-13.062485799314441,0.3110120306481284,-0.07726135118561178,timeout,True,wind,4,0.13868939685993253,True,0.0,0.023946996545419097,0.20990179479122162,12.026486953758086,wind,4,35
0.021742716431617737,False,-12.481098708342758,0.2726254499493264,-0.09846314535869044,timeout,True,wind,4,0.13984859177912964,True,0.0,0.035915751351664464,0.1978430300951004,11.335570630528983,wind,4,36
0.026005741208791733,False,-17.552130562639785,0.360122797271731,-0.023265782902540555,timeout,True,wind,4,0.12649754052725565,True,0.0,0.05438187279117604,0.23782353103160858,13.626284597009738,wind,4,37
0.011119931004941463,False,-14.274824159583057,0.30764847007098056,-0.000743834459042858,timeout,True,wind,4,0.13063878279557334,True,0.0,0.029940572412063677,0.28404951095581055,16.27483815052298,wind,4,38
0.013994639739394188,False,-13.721987903676917,0.2937402686970364,0.06171126056718379,timeout,True,wind,4,0.10188383345715805,True,0.0,0.022781644412316383,0.30943647027015686,17.72940377390536,wind,4,39
0.010340170003473759,False,-17.610183749487636,0.31320534915071685,0.031068701985468072,timeout,True,wind,5,0.1744527587830793,True,0.0,0.049845087147938706,0.24546681344509125,14.06421242092886,wind,5,0
0.02990504913032055,False,-11.828586177676925,0.2507715486358503,-0.09777951341859914,timeout,True,wind,5,0.15552226114513748,True,0.0,0.029181444148222605,0.33866003155708313,19.403790497988137,wind,5,1
0.03716876730322838,False,-16.908206627760077,0.33581710042179685,0.16080872125668783,timeout,True,wind,5,0.15716542814302945,True,0.0,0.05369374124954144,0.2551744878292084,14.620421192026031,wind,5,2
0.030542343854904175,False,-13.8542254672572,0.19859927573381983,0.02551791308196677,timeout,True,wind,5,0.16099176356308945,True,0.0,0.04250302975997329,0.28217270970344543,16.167305359777593,wind,5,3
0.02204674854874611,False,-19.97942227229473,0.4409067474435992,0.08977599036120998,timeout,True,wind,5,0.1699968810936898,True,0.0,0.04283004719763994,0.366302490234375,20.98758671556174,wind,5,4
0.024656547233462334,False,-12.751915333736665,0.2782887607422155,0.14389997228813955,timeout,True,wind,5,0.16923155535811862,True,0.0,0.023144455874959627,0.2295239418745041,13.15075316661511,wind,5,5
0.02678021788597107,False,-14.469181847590953,0.3274265456507041,-0.18886283195824916,timeout,True,wind,5,0.16174906978595785,True,0.0,0.034396556400073074,0.1914524883031845,10.969419557050232,wind,5,6
0.009384765289723873,False,-8.106524970876052,0.11533409193086977,0.08068260761949442,timeout,True,wind,5,0.1426119118051272,True,0.0,0.033896951916782804,0.23190753161907196,13.287322799069514,wind,5,7
0.0239486675709486,False,-15.36524249689653,0.340071023253027,0.16803460908164186,timeout,True,wind,5,0.14691234914088164,True,0.0,0.033490569517016414,0.23969227075576782,13.733355496212504,wind,5,8
0.02436593733727932,False,-12.24426081485115,0.3046336463895253,-0.1101368891577898,timeout,True,wind,5,0.14235609754923506,True,0.0,0.034313816918681066,0.19543103873729706,11.197373705504823,wind,5,9
0.033040422946214676,False,-9.99914955070242,0.19306557211981262,0.2181544576686001,timeout,True,wind,5,0.14473726980462034,True,0.0,0.028508739732205867,0.3669787049293518,21.026330963628638,wind,5,10
0.024090401828289032,False,-12.297670495342464,0.2777316592905968,0.08384618716121084,timeout,True,wind,5,0.1555523517584457,True,0.0,0.023148347561558088,0.23681803047657013,13.568673658907972,wind,5,11
0.03501541540026665,False,-10.438540926240382,0.19183188321286448,-0.21382931055895954,timeout,True,wind,5,0.1420279017611013,True,0.0,0.02975622583180666,0.23821555078029633,13.648745674095323,wind,5,12
0.019398273900151253,False,-11.407481776308272,0.22260786905990862,0.1528254866116331,timeout,True,wind,5,0.15841183774191867,True,0.0,0.030807500906909504,0.2488858550786972,14.260109076513995,wind,5,13
0.026511315256357193,False,-13.82622040016577,0.23118929710941907,-0.15460426487121326,timeout,True,wind,5,0.15349943163217433,True,0.0,0.06753864769513408,0.3280274569988251,18.794588850441773,wind,5,14
0.019589394330978394,False,-9.981218970716006,0.1181587669580383,0.12659115182630787,timeout,True,wind,5,0.17937753769199452,True,0.0,0.02955085984431207,0.31724676489830017,18.17690069285167,wind,5,15
0.023056404665112495,False,-15.881668768015215,0.3519664751054852,-0.08798682382825632,timeout,True,wind,5,0.1503985745487797,True,0.0,0.0305432996082042,0.3002108931541443,17.200817141585368,wind,5,16
0.023632502183318138,False,-16.589337707720702,0.40001637402819357,-0.014552412868716585,timeout,True,wind,5,0.15506378266241724,True,0.0,0.03498680940053115,0.19397760927677155,11.114098331596734,wind,5,17
0.012883307412266731,False,-11.88378608614207,0.2814803392630527,-0.05584020842349091,timeout,True,wind,5,0.17592988523492384,True,0.0,0.046018006404240926,0.16435731947422028,9.416980737956157,wind,5,18
0.011961745098233223,False,-13.106205864215736,0.31184305080251484,-0.1280768094285435,timeout,True,wind,5,0.17597309349687792,True,0.0,0.022538439948887875,0.2446044236421585,14.014801124925695,wind,5,19
0.025429343804717064,False,-17.610516058150672,0.3773162451194446,0.0036837278584134214,timeout,True,wind,5,0.16321281406885246,True,0.0,0.050130373185190064,0.26747164130210876,15.324996186047867,wind,5,20
0.05494191125035286,False,-8.44596248680726,0.13395647480276998,-0.22455039381805103,timeout,True,wind,5,0.1640630210082687,True,0.0,0.018239742307923735,0.32876500487327576,18.836847230836643,wind,5,21
0.012545711360871792,False,-9.012030993895607,0.1513889341624584,-0.16981030559374727,timeout,True,wind,5,0.14472558906318464,True,0.0,0.0348279166345795,0.23463048040866852,13.443336272543654,wind,5,22
0.012899099849164486,False,-11.71706036893651,0.3073354432309629,-0.06629697122745623,timeout,True,wind,5,0.16984899448170473,True,0.0,0.02275994885712862,0.18166880309581757,10.40885568658353,wind,5,23
0.016767123714089394,False,-15.362530092643585,0.362922374553735,0.186571310089912,timeout,True,wind,5,0.15271100170918872,True,0.0,0.038271345850080254,0.23216792941093445,13.302242493537761,wind,5,24
0.003124299691990018,False,-14.283906438285474,0.3774153983156464,-0.12794470006810638,timeout,True,wind,5,0.1725620285005363,True,0.0,0.026617700901503363,0.23851439356803894,13.6658681045709,wind,5,25
0.011979256756603718,False,-6.822070139013225,0.09155739830759704,-0.04898588950768418,timeout,True,wind,5,0.14564706089302476,True,0.0,0.032581618148833515,0.25032249093055725,14.342422247522757,wind,5,26
0.007177744060754776,False,-15.769415751546607,0.3502271762381931,0.03094360110798544,timeout,True,wind,5,0.1468008319816391,True,0.0,0.03808962171897292,0.2875283360481262,16.47416014597688,wind,5,27
0.01576397754251957,False,-8.62602866634726,0.1409508520721573,-0.04329932461786723,timeout,True,wind,5,0.17536158658545464,True,0.0,0.03518643065666159,0.22847455739974976,13.090627865125134,wind,5,28
0.022701015695929527,False,-10.733651456031955,0.24244426064897623,-0.033892880080934856,timeout,True,wind,5,0.15849639973791416,True,0.0,0.033002184870808075,0.21322111785411835,12.216670156102506,wind,5,29
0.058777034282684326,False,-20.411233989615013,0.44587588563012737,-0.1360522950121401,timeout,True,wind,5,0.15098849225469194,True,0.0,0.03251387023677429,0.22840967774391174,13.086910534669354,wind,5,30
0.01416452880948782,False,-15.60418682671849,0.38939996203851646,-0.0358073526487612,timeout,True,wind,5,0.15710536435978065,True,0.0,0.03360015212868651,0.1992609053850174,11.416808900517115,wind,5,31
0.01911330223083496,False,-10.776431949837127,0.2369532058887685,-0.04146074391301882,timeout,True,wind,5,0.16833765023520578,True,0.0,0.022551213639477888,0.21647831797599792,12.403293976115704,wind,5,32
0.0280911847949028,False,-10.9362656266708,0.2578985041862058,0.016710588241333646,timeout,True,wind,5,0.16698108326152308,True,0.0,0.02813457529991865,0.19019465148448944,10.897350816022843,wind,5,33
0.011798246763646603,False,-13.482791679450317,0.3345518636691245,0.12668117442842508,timeout,True,wind,5,0.15520500081505198,True,0.0,0.027957661046336093,0.19513897597789764,11.180639742038291,wind,5,34
0.023334557190537453,False,-13.331064404360951,0.33739238298080704,-0.046682712882259364,timeout,True,wind,5,0.14657463043688168,True,0.0,0.02574491355723391,0.23763646185398102,13.615566322654695,wind,5,35
0.03411509096622467,False,-11.106493832636612,0.26703572310732376,0.1286395734085471,timeout,True,wind,5,0.1663498577941484,True,0.0,0.037821502424776554,0.3173254132270813,18.181406910156586,wind,5,36
0.01439113263040781,False,-10.88743681054562,0.19094717927239346,0.09420389003126389,timeout,True,wind,5,0.16463299245148114,True,0.0,0.029242233637099466,0.2768963873386383,15.86499435692366,wind,5,37
0.015042808838188648,False,-11.172038173619656,0.22527081834563575,-0.08553670241709707,timeout,True,wind,5,0.17449339920341594,True,0.0,0.04451617542654276,0.26762744784355164,15.333923243293073,wind,5,38
0.027753768488764763,False,-8.683794401604684,0.20235442852548488,-0.1454111578438474,timeout,True,wind,5,0.1547888694462833,True,0.0,0.024451097054407,0.23884432017803192,13.684771506872556,wind,5,39
